Date,High
1/2/2015 0:00,15.73750019
1/5/2015 0:00,15.41899967
1/6/2015 0:00,15.14999962
1/7/2015 0:00,15.06400013
1/8/2015 0:00,15.15699959
1/9/2015 0:00,15.14350033
1/12/2015 0:00,14.92549992
1/13/2015 0:00,15.07499981
1/14/2015 0:00,14.7954998
1/15/2015 0:00,14.80000019
1/16/2015 0:00,14.53950024
1/20/2015 0:00,14.66800022
1/21/2015 0:00,15.30000019
1/22/2015 0:00,15.61250019
1/23/2015 0:00,15.8465004
1/26/2015 0:00,15.64999962
1/27/2015 0:00,15.51200008
1/28/2015 0:00,15.57549953
1/29/2015 0:00,15.64000034
1/30/2015 0:00,17.97500038
2/2/2015 0:00,18.25
2/3/2015 0:00,18.39100075
2/4/2015 0:00,18.375
2/5/2015 0:00,18.94000053
2/6/2015 0:00,18.79949951
2/9/2015 0:00,18.72050095
2/10/2015 0:00,18.71500015
2/11/2015 0:00,18.85499954
2/12/2015 0:00,18.92550087
2/13/2015 0:00,19.14999962
2/17/2015 0:00,18.99950027
2/18/2015 0:00,18.83699989
2/19/2015 0:00,19.09399986
2/20/2015 0:00,19.18499947
2/23/2015 0:00,19.22699928
2/24/2015 0:00,19.02400017
2/25/2015 0:00,19.39249992
2/26/2015 0:00,19.46850014
2/27/2015 0:00,19.29949951
3/2/2015 0:00,19.29500008
3/3/2015 0:00,19.30500031
3/4/2015 0:00,19.39500046
3/5/2015 0:00,19.42099953
3/6/2015 0:00,19.35000038
3/9/2015 0:00,18.96649933
3/10/2015 0:00,18.88850021
3/11/2015 0:00,18.66749954
3/12/2015 0:00,18.77499962
3/13/2015 0:00,18.69949913
3/16/2015 0:00,18.6970005
3/17/2015 0:00,18.72500038
3/18/2015 0:00,18.79949951
3/19/2015 0:00,18.85549927
3/20/2015 0:00,18.96850014
3/23/2015 0:00,19.08849907
3/24/2015 0:00,18.76199913
3/25/2015 0:00,19.02499962
3/26/2015 0:00,18.56999969
3/27/2015 0:00,18.65850067
3/30/2015 0:00,18.80599976
3/31/2015 0:00,18.88500023
4/1/2015 0:00,18.65800095
4/2/2015 0:00,18.66399956
4/6/2015 0:00,19.01000023
4/7/2015 0:00,18.96549988
4/8/2015 0:00,19.07900047
4/9/2015 0:00,19.22100067
4/10/2015 0:00,19.3560009
4/13/2015 0:00,19.26399994
4/14/2015 0:00,19.39049911
4/15/2015 0:00,19.28899956
4/16/2015 0:00,19.37249947
4/17/2015 0:00,19.1779995
4/20/2015 0:00,19.59700012
4/21/2015 0:00,19.72999954
4/22/2015 0:00,19.7140007
4/23/2015 0:00,19.59399986
4/24/2015 0:00,22.63249969
4/27/2015 0:00,22.34950066
4/28/2015 0:00,21.95000076
4/29/2015 0:00,21.71199989
4/30/2015 0:00,21.58749962
5/1/2015 0:00,21.28199959
5/4/2015 0:00,21.4885006
5/5/2015 0:00,21.37549973
5/6/2015 0:00,21.13599968
5/7/2015 0:00,21.42499924
5/8/2015 0:00,21.76000023
5/11/2015 0:00,21.95000076
5/12/2015 0:00,21.66250038
5/13/2015 0:00,21.67650032
5/14/2015 0:00,21.64999962
5/15/2015 0:00,21.52000046
5/18/2015 0:00,21.3635006
5/19/2015 0:00,21.41200066
5/20/2015 0:00,21.35499954
5/21/2015 0:00,21.84499931
5/22/2015 0:00,21.62199974
5/26/2015 0:00,21.35000038
5/27/2015 0:00,21.59250069
5/28/2015 0:00,21.56749916
5/29/2015 0:00,21.625
6/1/2015 0:00,21.65800095
6/2/2015 0:00,21.66150093
6/3/2015 0:00,21.91950035
6/4/2015 0:00,21.83799934
6/5/2015 0:00,21.54000092
6/8/2015 0:00,21.34000015
6/9/2015 0:00,21.37450027
6/10/2015 0:00,21.61000061
6/11/2015 0:00,21.94449997
6/12/2015 0:00,21.61800003
6/15/2015 0:00,21.40250015
6/16/2015 0:00,21.39850044
6/17/2015 0:00,21.56749916
6/18/2015 0:00,21.98649979
6/19/2015 0:00,22.24950027
6/22/2015 0:00,21.96199989
6/23/2015 0:00,22.35199928
6/24/2015 0:00,22.32349968
6/25/2015 0:00,22.17350006
6/26/2015 0:00,22.17449951
6/29/2015 0:00,21.85000038
6/30/2015 0:00,21.7784996
7/1/2015 0:00,22
7/2/2015 0:00,21.90999985
7/6/2015 0:00,21.98649979
7/7/2015 0:00,21.8864994
7/8/2015 0:00,21.79949951
7/9/2015 0:00,21.93600082
7/10/2015 0:00,22.23600006
7/13/2015 0:00,22.89349937
7/14/2015 0:00,23.47999954
7/15/2015 0:00,23.23500061
7/16/2015 0:00,23.79400063
7/17/2015 0:00,24.27099991
7/20/2015 0:00,24.65999985
7/21/2015 0:00,24.44400024
7/22/2015 0:00,24.625
7/23/2015 0:00,24.58300018
7/24/2015 0:00,29.0284996
7/27/2015 0:00,27.24749947
7/28/2015 0:00,26.81949997
7/29/2015 0:00,26.64850044
7/30/2015 0:00,26.95999908
7/31/2015 0:00,27.1420002
8/3/2015 0:00,27.02199936
8/4/2015 0:00,26.84749985
8/5/2015 0:00,26.95700073
8/6/2015 0:00,27.13699913
8/7/2015 0:00,26.47299957
8/10/2015 0:00,26.61400032
8/11/2015 0:00,26.4489994
8/12/2015 0:00,26.375
8/13/2015 0:00,26.7329998
8/14/2015 0:00,26.70549965
8/17/2015 0:00,26.93700027
8/18/2015 0:00,26.97450066
8/19/2015 0:00,26.86249924
8/20/2015 0:00,26.66250038
8/21/2015 0:00,25.61650085
8/24/2015 0:00,23.82900047
8/25/2015 0:00,24.47200012
8/26/2015 0:00,25.18600082
8/27/2015 0:00,26.1345005
8/28/2015 0:00,26.07500076
8/31/2015 0:00,25.97050095
9/1/2015 0:00,25.5
9/2/2015 0:00,25.54299927
9/3/2015 0:00,25.79199982
9/4/2015 0:00,25.14249992
9/8/2015 0:00,25.91749954
9/9/2015 0:00,26.49749947
9/10/2015 0:00,26.30649948
9/11/2015 0:00,26.47200012
9/14/2015 0:00,26.62249947
9/15/2015 0:00,26.39599991
9/16/2015 0:00,26.41500092
9/17/2015 0:00,27.3484993
9/18/2015 0:00,27.31200027
9/21/2015 0:00,27.48900032
9/22/2015 0:00,27.17749977
9/23/2015 0:00,27.06049919
9/24/2015 0:00,26.72800064
9/25/2015 0:00,27.13999939
9/28/2015 0:00,26.01399994
9/29/2015 0:00,25.5739994
9/30/2015 0:00,25.63999939
10/1/2015 0:00,26.04000092
10/2/2015 0:00,26.62999916
10/5/2015 0:00,27.2954998
10/6/2015 0:00,27.57500076
10/7/2015 0:00,27.10000038
10/8/2015 0:00,26.96949959
10/9/2015 0:00,27.08950043
10/12/2015 0:00,27.54100037
10/13/2015 0:00,27.65999985
10/14/2015 0:00,27.61249924
10/15/2015 0:00,28.14999962
10/16/2015 0:00,28.54700089
10/19/2015 0:00,28.95000076
10/20/2015 0:00,28.64999962
10/21/2015 0:00,28.26250076
10/22/2015 0:00,28.45750046
10/23/2015 0:00,30.97249985
10/26/2015 0:00,30.49250031
10/27/2015 0:00,30.73550034
10/28/2015 0:00,30.86149979
10/29/2015 0:00,31.37700081
10/30/2015 0:00,31.5359993
11/2/2015 0:00,31.43149948
11/3/2015 0:00,31.49449921
11/4/2015 0:00,32.29650116
11/5/2015 0:00,32.84999847
11/6/2015 0:00,33.11299896
11/9/2015 0:00,33.09799957
11/10/2015 0:00,33
11/11/2015 0:00,33.79800034
11/12/2015 0:00,33.7820015
11/13/2015 0:00,33.34999847
11/16/2015 0:00,32.49950027
11/17/2015 0:00,32.66249847
11/18/2015 0:00,33.24399948
11/19/2015 0:00,33.64300156
11/20/2015 0:00,33.44350052
11/23/2015 0:00,34.13850021
11/24/2015 0:00,33.79000092
11/25/2015 0:00,33.98500061
11/27/2015 0:00,34.04949951
11/30/2015 0:00,34.0644989
12/1/2015 0:00,34.04999924
12/2/2015 0:00,34.24100113
12/3/2015 0:00,34.13949966
12/4/2015 0:00,33.73899841
12/7/2015 0:00,33.77299881
12/8/2015 0:00,33.99950027
12/9/2015 0:00,33.95000076
12/10/2015 0:00,33.42649841
12/11/2015 0:00,32.89400101
12/14/2015 0:00,32.92950058
12/15/2015 0:00,33.57500076
12/16/2015 0:00,33.86750031
12/17/2015 0:00,34.125
12/18/2015 0:00,33.84199905
12/21/2015 0:00,33.49499893
12/22/2015 0:00,33.42449951
12/23/2015 0:00,33.33000183
12/24/2015 0:00,33.23400116
12/28/2015 0:00,33.77500153
12/29/2015 0:00,34.8219986
12/30/2015 0:00,34.7745018
12/31/2015 0:00,34.38750076
1/4/2016 0:00,32.88600159
1/5/2016 0:00,32.34550095
1/6/2016 0:00,31.98950005
1/7/2016 0:00,31.5
1/8/2016 0:00,31.20700073
1/11/2016 0:00,30.99250031
1/12/2016 0:00,31.29949951
1/13/2016 0:00,31.04400063
1/14/2016 0:00,30.11249924
1/15/2016 0:00,29.2310009
1/19/2016 0:00,29.20000076
1/20/2016 0:00,28.92250061
1/21/2016 0:00,29.44050026
1/22/2016 0:00,30.00499916
1/25/2016 0:00,30.42499924
1/26/2016 0:00,30.22500038
1/27/2016 0:00,30.16950035
1/28/2016 0:00,31.90299988
1/29/2016 0:00,29.64999962
2/1/2016 0:00,29.09000015
2/2/2016 0:00,28.57799911
2/3/2016 0:00,27.79999924
2/4/2016 0:00,26.94949913
2/5/2016 0:00,26.47249985
2/8/2016 0:00,24.67499924
2/9/2016 0:00,24.91900063
2/10/2016 0:00,25.2329998
2/11/2016 0:00,25.46500015
2/12/2016 0:00,25.83749962
2/16/2016 0:00,26.22249985
2/17/2016 0:00,26.87400055
2/18/2016 0:00,27.05999947
2/19/2016 0:00,26.79750061
2/22/2016 0:00,28.03249931
2/23/2016 0:00,27.84550095
2/24/2016 0:00,27.71349907
2/25/2016 0:00,27.96949959
2/26/2016 0:00,28.125
2/29/2016 0:00,28.2404995
3/1/2016 0:00,28.96249962
3/2/2016 0:00,29.25
3/3/2016 0:00,28.99349976
3/4/2016 0:00,29.06999969
3/7/2016 0:00,28.68149948
3/8/2016 0:00,28.56749916
3/9/2016 0:00,28.01749992
3/10/2016 0:00,28.35000038
3/11/2016 0:00,28.50300026
3/14/2016 0:00,28.84449959
3/15/2016 0:00,29.07600021
3/16/2016 0:00,29.06599998
3/17/2016 0:00,28.56999969
3/18/2016 0:00,28.11650085
3/21/2016 0:00,27.76199913
3/22/2016 0:00,28.13800049
3/23/2016 0:00,28.62400055
3/24/2016 0:00,29.17749977
3/28/2016 0:00,29.23749924
3/29/2016 0:00,29.79249954
3/30/2016 0:00,30.16200066
3/31/2016 0:00,30.03750038
4/1/2016 0:00,29.95149994
4/4/2016 0:00,29.97500038
4/5/2016 0:00,29.67350006
4/6/2016 0:00,30.11949921
4/7/2016 0:00,29.97999954
4/8/2016 0:00,29.89299965
4/11/2016 0:00,30.20000076
4/12/2016 0:00,30.20299911
4/13/2016 0:00,30.84049988
4/14/2016 0:00,31.21899986
4/15/2016 0:00,31.33849907
4/18/2016 0:00,31.88199997
4/19/2016 0:00,31.90049934
4/20/2016 0:00,31.82749939
4/21/2016 0:00,31.89100075
4/22/2016 0:00,31.41250038
4/25/2016 0:00,31.34900093
4/26/2016 0:00,31.33749962
4/27/2016 0:00,30.79750061
4/28/2016 0:00,31.34000015
4/29/2016 0:00,33.49900055
5/2/2016 0:00,34.27500153
5/3/2016 0:00,34.01499939
5/4/2016 0:00,33.70000076
5/5/2016 0:00,33.82450104
5/6/2016 0:00,33.84749985
5/9/2016 0:00,34.34899902
5/10/2016 0:00,35.22750092
5/11/2016 0:00,35.95000076
5/12/2016 0:00,36.12250137
5/13/2016 0:00,35.96250153
5/16/2016 0:00,35.66249847
5/17/2016 0:00,35.7234993
5/18/2016 0:00,35.1269989
5/19/2016 0:00,34.97000122
5/20/2016 0:00,35.36199951
5/23/2016 0:00,35.29999924
5/24/2016 0:00,35.375
5/25/2016 0:00,35.54299927
5/26/2016 0:00,35.75
5/27/2016 0:00,35.83000183
5/31/2016 0:00,36.21149826
6/1/2016 0:00,36.32149887
6/2/2016 0:00,36.41400146
6/3/2016 0:00,36.34999847
6/6/2016 0:00,36.57500076
6/7/2016 0:00,36.5
6/8/2016 0:00,36.47100067
6/9/2016 0:00,36.44549942
6/10/2016 0:00,36.24900055
6/13/2016 0:00,36.09949875
6/14/2016 0:00,36.04050064
6/15/2016 0:00,36.12799835
6/16/2016 0:00,35.90000153
6/17/2016 0:00,35.90999985
6/20/2016 0:00,36.06549835
6/21/2016 0:00,35.91999817
6/22/2016 0:00,35.84999847
6/23/2016 0:00,36.10599899
6/24/2016 0:00,35.62649918
6/27/2016 0:00,34.8409996
6/28/2016 0:00,35.40000153
6/29/2016 0:00,35.97499847
6/30/2016 0:00,35.96849823
7/1/2016 0:00,36.40000153
7/5/2016 0:00,36.47800064
7/6/2016 0:00,36.88850021
7/7/2016 0:00,36.97750092
7/8/2016 0:00,37.30500031
7/11/2016 0:00,37.79499817
7/12/2016 0:00,37.86700058
7/13/2016 0:00,37.84349823
7/14/2016 0:00,37.45199966
7/15/2016 0:00,37.32749939
7/18/2016 0:00,37.08000183
7/19/2016 0:00,37.16650009
7/20/2016 0:00,37.3125
7/21/2016 0:00,37.4679985
7/22/2016 0:00,37.56399918
7/25/2016 0:00,37.42499924
7/26/2016 0:00,37.15650177
7/27/2016 0:00,37.04700089
7/28/2016 0:00,37.66799927
7/29/2016 0:00,38.29999924
8/1/2016 0:00,38.52500153
8/2/2016 0:00,38.25049973
8/3/2016 0:00,37.94449997
8/4/2016 0:00,38.25
8/5/2016 0:00,38.42350006
8/8/2016 0:00,38.34999847
8/9/2016 0:00,38.63000107
8/10/2016 0:00,38.60499954
8/11/2016 0:00,38.6875
8/12/2016 0:00,38.65750122
8/15/2016 0:00,38.60200119
8/16/2016 0:00,38.43650055
8/17/2016 0:00,38.26100159
8/18/2016 0:00,38.25849915
8/19/2016 0:00,38.12450027
8/22/2016 0:00,37.99250031
8/23/2016 0:00,38.23500061
8/24/2016 0:00,38.17050171
8/25/2016 0:00,38.02799988
8/26/2016 0:00,38.5
8/29/2016 0:00,38.74900055
8/30/2016 0:00,38.59199905
8/31/2016 0:00,38.48199844
9/1/2016 0:00,38.60200119
9/2/2016 0:00,38.79999924
9/6/2016 0:00,39.47399902
9/7/2016 0:00,39.53950119
9/8/2016 0:00,39.32500076
9/9/2016 0:00,39.04999924
9/12/2016 0:00,38.63299942
9/13/2016 0:00,38.49449921
9/14/2016 0:00,38.375
9/15/2016 0:00,38.54349899
9/16/2016 0:00,39.02299881
9/19/2016 0:00,39.09700012
9/20/2016 0:00,39.06850052
9/21/2016 0:00,39.53450012
9/22/2016 0:00,40.29449844
9/23/2016 0:00,40.38750076
9/26/2016 0:00,40.29650116
9/27/2016 0:00,40.83200073
9/28/2016 0:00,41.50699997
9/29/2016 0:00,41.875
9/30/2016 0:00,41.99750137
10/3/2016 0:00,41.99300003
10/4/2016 0:00,42.11849976
10/5/2016 0:00,42.28350067
10/6/2016 0:00,42.36050034
10/7/2016 0:00,42.29750061
10/10/2016 0:00,42.25999832
10/11/2016 0:00,42.0644989
10/12/2016 0:00,41.88349915
10/13/2016 0:00,41.59000015
10/14/2016 0:00,41.78699875
10/17/2016 0:00,41.09999847
10/18/2016 0:00,41.1629982
10/19/2016 0:00,41.03350067
10/20/2016 0:00,40.78549957
10/21/2016 0:00,40.97100067
10/24/2016 0:00,41.91500092
10/25/2016 0:00,42.15449905
10/26/2016 0:00,41.67200089
10/27/2016 0:00,41.58599854
10/28/2016 0:00,39.47449875
10/31/2016 0:00,39.68500137
11/1/2016 0:00,40.04199982
11/2/2016 0:00,39.23749924
11/3/2016 0:00,38.84999847
11/4/2016 0:00,38.29999924
11/7/2016 0:00,39.38650131
11/8/2016 0:00,39.5870018
11/9/2016 0:00,38.875
11/10/2016 0:00,38.94150162
11/11/2016 0:00,37.1629982
11/14/2016 0:00,37.29999924
11/15/2016 0:00,37.3390007
11/16/2016 0:00,37.49349976
11/17/2016 0:00,37.875
11/18/2016 0:00,38.38700104
11/21/2016 0:00,39.01750183
11/22/2016 0:00,39.61999893
11/23/2016 0:00,39.08750153
11/25/2016 0:00,39.33750153
11/28/2016 0:00,38.84999847
11/29/2016 0:00,38.49449921
11/30/2016 0:00,38.40449905
12/1/2016 0:00,37.66849899
12/2/2016 0:00,37.42449951
12/5/2016 0:00,38.07450104
12/6/2016 0:00,38.41199875
12/7/2016 0:00,38.52099991
12/8/2016 0:00,38.6894989
12/9/2016 0:00,38.51250076
12/12/2016 0:00,38.3445015
12/13/2016 0:00,39.1230011
12/14/2016 0:00,39.04299927
12/15/2016 0:00,38.45500183
12/16/2016 0:00,38.25650024
12/19/2016 0:00,38.52500153
12/20/2016 0:00,38.7195015
12/21/2016 0:00,38.56100082
12/22/2016 0:00,38.5605011
12/23/2016 0:00,38.32500076
12/27/2016 0:00,38.73249817
12/28/2016 0:00,39
12/29/2016 0:00,38.66999817
12/30/2016 0:00,38.36999893
1/3/2017 0:00,37.93799973
1/4/2017 0:00,37.98400116
1/5/2017 0:00,39.11999893
1/6/2017 0:00,39.97200012
1/9/2017 0:00,40.08850098
1/10/2017 0:00,39.90000153
1/11/2017 0:00,39.97499847
1/12/2017 0:00,40.70650101
1/13/2017 0:00,41.08250046
1/17/2017 0:00,40.79999924
1/18/2017 0:00,40.58649826
1/19/2017 0:00,40.67549896
1/20/2017 0:00,40.80099869
1/23/2017 0:00,40.92499924
1/24/2017 0:00,41.19950104
1/25/2017 0:00,41.87099838
1/26/2017 0:00,42.19200134
1/27/2017 0:00,41.98500061
1/30/2017 0:00,41.67499924
1/31/2017 0:00,41.34949875
2/1/2017 0:00,41.68899918
2/2/2017 0:00,42.12450027
2/3/2017 0:00,40.91500092
2/6/2017 0:00,40.5359993
2/7/2017 0:00,40.80799866
2/8/2017 0:00,41.07400131
2/9/2017 0:00,41.25
2/10/2017 0:00,41.40000153
2/13/2017 0:00,42.15000153
2/14/2017 0:00,41.91550064
2/15/2017 0:00,42.14049911
2/16/2017 0:00,42.25
2/17/2017 0:00,42.36349869
2/21/2017 0:00,42.89899826
2/22/2017 0:00,42.92150116
2/23/2017 0:00,43.04299927
2/24/2017 0:00,42.29050064
2/27/2017 0:00,42.625
2/28/2017 0:00,42.70449829
3/1/2017 0:00,42.74150085
3/2/2017 0:00,42.74100113
3/3/2017 0:00,42.59949875
3/6/2017 0:00,42.42449951
3/7/2017 0:00,42.42300034
3/8/2017 0:00,42.6534996
3/9/2017 0:00,42.81999969
3/10/2017 0:00,42.86750031
3/13/2017 0:00,42.78450012
3/14/2017 0:00,42.6875
3/15/2017 0:00,42.72249985
3/16/2017 0:00,42.77500153
3/17/2017 0:00,42.69150162
3/20/2017 0:00,42.88999939
3/21/2017 0:00,43.13999939
3/22/2017 0:00,42.46849823
3/23/2017 0:00,42.54449844
3/24/2017 0:00,42.59000015
3/27/2017 0:00,42.51499939
3/28/2017 0:00,42.92300034
3/29/2017 0:00,43.8219986
3/30/2017 0:00,43.85300064
3/31/2017 0:00,44.51750183
4/3/2017 0:00,44.67449951
4/4/2017 0:00,45.42699814
4/5/2017 0:00,46.18600082
4/6/2017 0:00,45.85950089
4/7/2017 0:00,45.00450134
4/10/2017 0:00,45.42549896
4/11/2017 0:00,45.56200027
4/12/2017 0:00,45.20449829
4/13/2017 0:00,44.74850082
4/17/2017 0:00,45.11899948
4/18/2017 0:00,45.48049927
4/19/2017 0:00,45.52500153
4/20/2017 0:00,45.26599884
4/21/2017 0:00,45.18249893
4/24/2017 0:00,45.49950027
4/25/2017 0:00,45.47399902
4/26/2017 0:00,45.78749847
4/27/2017 0:00,46.0929985
4/28/2017 0:00,47.47949982
5/1/2017 0:00,47.72000122
5/2/2017 0:00,47.50500107
5/3/2017 0:00,47.29999924
5/4/2017 0:00,47.25
5/5/2017 0:00,47.03950119
5/8/2017 0:00,47.45249939
5/9/2017 0:00,47.89450073
5/10/2017 0:00,47.6875
5/11/2017 0:00,47.51449966
5/12/2017 0:00,48.13949966
5/15/2017 0:00,48.15750122
5/16/2017 0:00,48.50299835
5/17/2017 0:00,48.02000046
5/18/2017 0:00,48.13750076
5/19/2017 0:00,48.44599915
5/22/2017 0:00,48.56900024
5/23/2017 0:00,48.75999832
5/24/2017 0:00,49.04999924
5/25/2017 0:00,49.95000076
5/26/2017 0:00,49.93249893
5/30/2017 0:00,50.06000137
5/31/2017 0:00,50.00600052
6/1/2017 0:00,49.94950104
6/2/2017 0:00,50.42399979
6/5/2017 0:00,50.66049957
6/6/2017 0:00,50.82500076
6/7/2017 0:00,50.51250076
6/8/2017 0:00,50.68050003
6/9/2017 0:00,50.6495018
6/12/2017 0:00,48.79750061
6/13/2017 0:00,49.22499847
6/14/2017 0:00,49.51699829
6/15/2017 0:00,48.28649902
6/16/2017 0:00,49.98749924
6/19/2017 0:00,50.84999847
6/20/2017 0:00,50.24399948
6/21/2017 0:00,50.13600159
6/22/2017 0:00,50.34799957
6/23/2017 0:00,50.23099899
6/26/2017 0:00,50.49000168
6/27/2017 0:00,49.93999863
6/28/2017 0:00,49.5340004
6/29/2017 0:00,49.37799835
6/30/2017 0:00,49.17350006
7/3/2017 0:00,48.72449875
7/5/2017 0:00,48.75
7/6/2017 0:00,48.72000122
7/7/2017 0:00,49.00550079
7/10/2017 0:00,49.97200012
7/11/2017 0:00,49.79949951
7/12/2017 0:00,50.42750168
7/13/2017 0:00,50.34400177
7/14/2017 0:00,50.22249985
7/17/2017 0:00,50.73749924
7/18/2017 0:00,51.30149841
7/19/2017 0:00,51.57949829
7/20/2017 0:00,51.74850082
7/21/2017 0:00,51.30500031
7/24/2017 0:00,52.15050125
7/25/2017 0:00,52.16650009
7/26/2017 0:00,52.65999985
7/27/2017 0:00,54.16550064
7/28/2017 0:00,51.64250183
7/31/2017 0:00,50.95249939
8/1/2017 0:00,50.31999969
8/2/2017 0:00,50.16049957
8/3/2017 0:00,49.97499847
8/4/2017 0:00,49.58349991
8/7/2017 0:00,49.75
8/8/2017 0:00,49.81399918
8/9/2017 0:00,49.40000153
8/10/2017 0:00,48.99300003
8/11/2017 0:00,48.51950073
8/14/2017 0:00,49.27500153
8/15/2017 0:00,49.5870018
8/16/2017 0:00,49.32300186
8/17/2017 0:00,48.89199829
8/18/2017 0:00,48.27149963
8/21/2017 0:00,48.06000137
8/22/2017 0:00,48.39649963
8/23/2017 0:00,48.09999847
8/24/2017 0:00,47.95000076
8/25/2017 0:00,47.88100052
8/28/2017 0:00,47.65000153
8/29/2017 0:00,47.79999924
8/30/2017 0:00,48.47050095
8/31/2017 0:00,49.04999924
9/1/2017 0:00,49.22499847
9/5/2017 0:00,48.83850098
9/6/2017 0:00,48.59199905
9/7/2017 0:00,49.02949905
9/8/2017 0:00,48.99399948
9/11/2017 0:00,49.09700012
9/12/2017 0:00,49.23350143
9/13/2017 0:00,50
9/14/2017 0:00,49.9280014
9/15/2017 0:00,49.8125
9/18/2017 0:00,49.63949966
9/19/2017 0:00,48.91199875
9/20/2017 0:00,48.7405014
9/21/2017 0:00,48.58499908
9/22/2017 0:00,48.2804985
9/25/2017 0:00,47.47100067
9/26/2017 0:00,47.43149948
9/27/2017 0:00,47.76499939
9/28/2017 0:00,47.98500061
9/29/2017 0:00,48.24150085
10/2/2017 0:00,48.3655014
10/3/2017 0:00,48.18450165
10/4/2017 0:00,48.38949966
10/5/2017 0:00,49.07550049
10/6/2017 0:00,49.78749847
10/9/2017 0:00,49.92499924
10/10/2017 0:00,49.89749908
10/11/2017 0:00,49.77500153
10/12/2017 0:00,50.42200089
10/13/2017 0:00,50.38850021
10/16/2017 0:00,50.47850037
10/17/2017 0:00,50.57350159
10/18/2017 0:00,51.1155014
10/19/2017 0:00,49.55250168
10/20/2017 0:00,49.73099899
10/23/2017 0:00,49.3390007
10/24/2017 0:00,48.99250031
10/25/2017 0:00,49.22200012
10/26/2017 0:00,49.14500046
10/27/2017 0:00,55.27899933
10/30/2017 0:00,56.13949966
10/31/2017 0:00,55.52700043
11/1/2017 0:00,55.44850159
11/2/2017 0:00,55.09700012
11/3/2017 0:00,55.63399887
11/6/2017 0:00,56.27050018
11/7/2017 0:00,56.52999878
11/8/2017 0:00,56.77700043
11/9/2017 0:00,56.48099899
11/10/2017 0:00,56.58750153
11/13/2017 0:00,56.99499893
11/14/2017 0:00,56.90000153
11/15/2017 0:00,56.58750153
11/16/2017 0:00,56.90800095
11/17/2017 0:00,56.93999863
11/20/2017 0:00,56.67100143
11/21/2017 0:00,57
11/22/2017 0:00,58.01350021
11/24/2017 0:00,59.34199905
11/27/2017 0:00,60.67050171
11/28/2017 0:00,60.26699829
11/29/2017 0:00,59.74000168
11/30/2017 0:00,58.92850113
12/1/2017 0:00,58.98249817
12/4/2017 0:00,58.75999832
12/5/2017 0:00,57.96350098
12/6/2017 0:00,57.79449844
12/7/2017 0:00,58.15950012
12/8/2017 0:00,58.63949966
12/11/2017 0:00,58.49499893
12/12/2017 0:00,58.68000031
12/13/2017 0:00,58.54349899
12/14/2017 0:00,58.89649963
12/15/2017 0:00,59.13750076
12/18/2017 0:00,59.73899841
12/19/2017 0:00,59.64849854
12/20/2017 0:00,59.54999924
12/21/2017 0:00,58.95849991
12/22/2017 0:00,58.73099899
12/26/2017 0:00,58.91600037
12/27/2017 0:00,59.36449814
12/28/2017 0:00,59.50500107
12/29/2017 0:00,59.20000076
1/2/2018 0:00,59.5
1/3/2018 0:00,60.2745018
1/4/2018 0:00,60.79349899
1/5/2018 0:00,61.45700073
1/8/2018 0:00,62.65399933
1/9/2018 0:00,62.96649933
1/10/2018 0:00,62.71649933
1/11/2018 0:00,63.83850098
1/12/2018 0:00,65.28800201
1/16/2018 0:00,66.99700165
1/17/2018 0:00,65.69999695
1/18/2018 0:00,65.23000336
1/19/2018 0:00,65.65000153
1/22/2018 0:00,66.37249756
1/23/2018 0:00,68.24500275
1/24/2018 0:00,69.40799713
1/25/2018 0:00,68.91699982
1/26/2018 0:00,70.12650299
1/29/2018 0:00,71.56950378
1/30/2018 0:00,71.96250153
1/31/2018 0:00,73.6289978
2/1/2018 0:00,72.9940033
2/2/2018 0:00,74.90000153
2/5/2018 0:00,72.9489975
2/6/2018 0:00,72.19950104
2/7/2018 0:00,73.04949951
2/8/2018 0:00,71.6875
2/9/2018 0:00,69.17500305
2/12/2018 0:00,69.69049835
2/13/2018 0:00,70.98600006
2/14/2018 0:00,72.60299683
2/15/2018 0:00,73.4469986
2/16/2018 0:00,73.29000092
2/20/2018 0:00,74.43849945
2/21/2018 0:00,75.17449951
2/22/2018 0:00,75.1269989
2/23/2018 0:00,75
2/26/2018 0:00,76.14199829
2/27/2018 0:00,76.33899689
2/28/2018 0:00,76.43499756
3/1/2018 0:00,75.92449951
3/2/2018 0:00,75.05249786
3/5/2018 0:00,76.26899719
3/6/2018 0:00,77.10649872
3/7/2018 0:00,77.29499817
3/8/2018 0:00,77.7440033
3/9/2018 0:00,78.9469986
3/12/2018 0:00,80.26650238
3/13/2018 0:00,80.8769989
3/14/2018 0:00,80.3219986
3/15/2018 0:00,79.84549713
3/16/2018 0:00,79.47200012
3/19/2018 0:00,78.08300018
3/20/2018 0:00,79.34999847
3/21/2018 0:00,79.5
3/22/2018 0:00,78.69249725
3/23/2018 0:00,77.4509964
3/26/2018 0:00,77.84950256
3/27/2018 0:00,78.79850006
3/28/2018 0:00,72.79499817
3/29/2018 0:00,72.77349854
4/2/2018 0:00,71.06800079
4/3/2018 0:00,70.69999695
4/4/2018 0:00,70.76950073
4/5/2018 0:00,72.97799683
4/6/2018 0:00,72.625
4/9/2018 0:00,71.9240036
4/10/2018 0:00,71.91899872
4/11/2018 0:00,72.43900299
4/12/2018 0:00,72.60600281
4/13/2018 0:00,72.98899841
4/16/2018 0:00,72.34999847
4/17/2018 0:00,75.35949707
4/18/2018 0:00,76.69000244
4/19/2018 0:00,78.4260025
4/20/2018 0:00,78.05999756
4/23/2018 0:00,77.40000153
4/24/2018 0:00,76.97499847
4/25/2018 0:00,73.49949646
4/26/2018 0:00,76.47100067
4/27/2018 0:00,81.90499878
4/30/2018 0:00,79.80000305
5/1/2018 0:00,79.25
5/2/2018 0:00,79.42500305
5/3/2018 0:00,78.73999786
5/4/2018 0:00,79.24500275
5/7/2018 0:00,80.34750366
5/8/2018 0:00,79.84400177
5/9/2018 0:00,80.40000153
5/10/2018 0:00,80.77999878
5/11/2018 0:00,80.55500031
5/14/2018 0:00,80.55899811
5/15/2018 0:00,79.38999939
5/16/2018 0:00,79.72149658
5/17/2018 0:00,79.70200348
5/18/2018 0:00,79.17949677
5/21/2018 0:00,79.60250092
5/22/2018 0:00,79.49449921
5/23/2018 0:00,80.09300232
5/24/2018 0:00,80.41200256
5/25/2018 0:00,80.70600128
5/29/2018 0:00,81.08950043
5/30/2018 0:00,81.30000305
5/31/2018 0:00,81.75
6/1/2018 0:00,82.33650208
6/4/2018 0:00,83.28399658
6/5/2018 0:00,84.94999695
6/6/2018 0:00,85.72499847
6/7/2018 0:00,84.99500275
6/8/2018 0:00,84.47200012
6/11/2018 0:00,84.71199799
6/12/2018 0:00,84.97550201
6/13/2018 0:00,85.6875
6/14/2018 0:00,86.23999786
6/15/2018 0:00,86.04350281
6/18/2018 0:00,86.33699799
6/19/2018 0:00,86.80549622
6/20/2018 0:00,88.14649963
6/21/2018 0:00,88.15499878
6/22/2018 0:00,87.15000153
6/25/2018 0:00,85.25
6/26/2018 0:00,85.07849884
6/27/2018 0:00,85.59750366
6/28/2018 0:00,85.27500153
6/29/2018 0:00,86.17050171
7/2/2018 0:00,85.69450378
7/3/2018 0:00,86.25
7/5/2018 0:00,85.53450012
7/6/2018 0:00,85.7634964
7/9/2018 0:00,86.97799683
7/10/2018 0:00,87.5
7/11/2018 0:00,87.84799957
7/12/2018 0:00,89.90000153
7/13/2018 0:00,90.76499939
7/16/2018 0:00,92.09750366
7/17/2018 0:00,92.58450317
7/18/2018 0:00,92.94400024
7/19/2018 0:00,92.05000305
7/20/2018 0:00,91.74199677
7/23/2018 0:00,90.94999695
7/24/2018 0:00,92
7/25/2018 0:00,93.19200134
7/26/2018 0:00,92.23400116
7/27/2018 0:00,94.00250244
7/30/2018 0:00,91.47499847
7/31/2018 0:00,90.09149933
8/1/2018 0:00,89.92199707
8/2/2018 0:00,91.82800293
8/3/2018 0:00,92.05000305
8/6/2018 0:00,92.3884964
8/7/2018 0:00,93.48600006
8/8/2018 0:00,94.57550049
8/9/2018 0:00,95.72850037
8/10/2018 0:00,94.97499847
8/13/2018 0:00,96.25
8/14/2018 0:00,96.05049896
8/15/2018 0:00,95.8105011
8/16/2018 0:00,95.25
8/17/2018 0:00,94.40000153
8/20/2018 0:00,94.58750153
8/21/2018 0:00,94.88749695
8/22/2018 0:00,95.29000092
8/23/2018 0:00,95.97499847
8/24/2018 0:00,95.80049896
8/27/2018 0:00,96.38500214
8/28/2018 0:00,97.08899689
8/29/2018 0:00,99.93450165
8/30/2018 0:00,101.2785034
8/31/2018 0:00,101.1190033
9/4/2018 0:00,102.5250015
9/5/2018 0:00,102.0189972
9/6/2018 0:00,100.375
9/7/2018 0:00,98.76000214
9/10/2018 0:00,98.65200043
9/11/2018 0:00,99.44400024
9/12/2018 0:00,100
9/13/2018 0:00,100.4380035
9/14/2018 0:00,99.68250275
9/17/2018 0:00,97.84100342
9/18/2018 0:00,97.91000366
9/19/2018 0:00,97.04149628
9/20/2018 0:00,97.75
9/21/2018 0:00,97.8655014
9/24/2018 0:00,96.84400177
9/25/2018 0:00,98.79550171
9/26/2018 0:00,99.76249695
9/27/2018 0:00,100.8079987
9/28/2018 0:00,101.3259964
10/1/2018 0:00,101.6595001
10/2/2018 0:00,100.6695023
10/3/2018 0:00,99.48500061
10/4/2018 0:00,97.80000305
10/5/2018 0:00,96.45400238
10/8/2018 0:00,95.09999847
10/9/2018 0:00,94.83399963
10/10/2018 0:00,92.9280014
10/11/2018 0:00,87.76999664
10/12/2018 0:00,90.44750214
10/15/2018 0:00,89.75250244
10/16/2018 0:00,91.19400024
10/17/2018 0:00,92.25
10/18/2018 0:00,91.50749969
10/19/2018 0:00,90.45500183
10/22/2018 0:00,90.47499847
10/23/2018 0:00,88.81700134
10/24/2018 0:00,88.88549805
10/25/2018 0:00,89.7405014
10/26/2018 0:00,84.92299652
10/29/2018 0:00,83.28700256
10/30/2018 0:00,77.04949951
10/31/2018 0:00,81.19550323
11/1/2018 0:00,83.52249908
11/2/2018 0:00,84.87200165
11/5/2018 0:00,82.90450287
11/6/2018 0:00,83.25
11/7/2018 0:00,87.96150208
11/8/2018 0:00,89.19999695
11/9/2018 0:00,87.19599915
11/12/2018 0:00,85.42749786
11/13/2018 0:00,83.85299683
11/14/2018 0:00,83.65000153
11/15/2018 0:00,81.24099731
11/16/2018 0:00,80.72399902
11/19/2018 0:00,79.05950165
11/20/2018 0:00,76.73750305
11/21/2018 0:00,77.5
11/23/2018 0:00,76.80999756
11/26/2018 0:00,79.2405014
11/27/2018 0:00,79.88249969
11/28/2018 0:00,84.07250214
11/29/2018 0:00,84.49949646
11/30/2018 0:00,84.80000305
12/3/2018 0:00,88.91699982
12/4/2018 0:00,88.51699829
12/6/2018 0:00,85.05249786
12/7/2018 0:00,85.94650269
12/10/2018 0:00,82.89949799
12/11/2018 0:00,83.97350311
12/12/2018 0:00,85.24949646
12/13/2018 0:00,84.60600281
12/14/2018 0:00,82.12850189
12/17/2018 0:00,78.8065033
12/18/2018 0:00,78.37750244
12/19/2018 0:00,79.22650146
12/20/2018 0:00,75.47499847
12/21/2018 0:00,74
12/24/2018 0:00,69.80149841
12/26/2018 0:00,73.65799713
12/27/2018 0:00,73.44999695
12/28/2018 0:00,75.67350006
12/31/2018 0:00,76.03800201
1/2/2019 0:00,77.66799927
1/3/2019 0:00,76.90000153
1/4/2019 0:00,79.69999695
1/7/2019 0:00,81.72799683
1/8/2019 0:00,83.83049774
1/9/2019 0:00,83.38999939
1/10/2019 0:00,83.16249847
1/11/2019 0:00,83.01450348
1/14/2019 0:00,82.41000366
1/15/2019 0:00,83.75800323
1/16/2019 0:00,85.25
1/17/2019 0:00,85.00849915
1/18/2019 0:00,85.80999756
1/22/2019 0:00,84.09349823
1/23/2019 0:00,82.87149811
1/24/2019 0:00,82.86299896
1/25/2019 0:00,84.1740036
1/28/2019 0:00,82.25
1/29/2019 0:00,81.6190033
1/30/2019 0:00,83.84750366
1/31/2019 0:00,86.82050323
2/1/2019 0:00,83.65299988
2/4/2019 0:00,82.48149872
2/5/2019 0:00,83.26300049
2/6/2019 0:00,83.61299896
2/7/2019 0:00,81.27700043
2/8/2019 0:00,79.42949677
2/11/2019 0:00,80.46450043
2/12/2019 0:00,81.97000122
2/13/2019 0:00,82.81900024
2/14/2019 0:00,81.89499664
2/15/2019 0:00,81.44550323
2/19/2019 0:00,81.69999695
2/20/2019 0:00,81.74649811
2/21/2019 0:00,81.1780014
2/22/2019 0:00,81.74700165
2/25/2019 0:00,82.73000336
2/26/2019 0:00,81.99949646
2/27/2019 0:00,82.09049988
2/28/2019 0:00,82.58850098
3/1/2019 0:00,83.71299744
3/4/2019 0:00,85.47149658
3/5/2019 0:00,85.38999939
3/6/2019 0:00,84.88749695
3/7/2019 0:00,83.48750305
3/8/2019 0:00,81.13600159
3/11/2019 0:00,83.61450195
3/12/2019 0:00,84.21350098
3/13/2019 0:00,85
3/14/2019 0:00,85.09999847
3/15/2019 0:00,85.94000244
3/18/2019 0:00,87.5
3/19/2019 0:00,89.20800018
3/20/2019 0:00,89.97499847
3/21/2019 0:00,91.1875
3/22/2019 0:00,90.9489975
3/25/2019 0:00,89.13400269
3/26/2019 0:00,90.28849792
3/27/2019 0:00,89.375
3/28/2019 0:00,88.89649963
3/29/2019 0:00,89.64299774
4/1/2019 0:00,90.78350067
4/2/2019 0:00,91
4/3/2019 0:00,91.5
4/4/2019 0:00,91.4375
4/5/2019 0:00,91.92900085
4/8/2019 0:00,92.51000214
4/9/2019 0:00,92.65450287
4/10/2019 0:00,92.40000153
4/11/2019 0:00,92.49749756
4/12/2019 0:00,92.57499695
4/15/2019 0:00,92.34249878
4/16/2019 0:00,93.4885025
4/17/2019 0:00,93.82350159
4/18/2019 0:00,93.54100037
4/22/2019 0:00,94.42099762
4/23/2019 0:00,96.46299744
4/24/2019 0:00,96.48449707
4/25/2019 0:00,96.12249756
4/26/2019 0:00,97.55000305
4/29/2019 0:00,97.81700134
4/30/2019 0:00,96.78549957
5/1/2019 0:00,97.18199921
5/2/2019 0:00,96.07749939
5/3/2019 0:00,98.22000122
5/6/2019 0:00,97.94999695
5/7/2019 0:00,97.45500183
5/8/2019 0:00,96.76850128
5/9/2019 0:00,95.47000122
5/10/2019 0:00,95.1894989
5/13/2019 0:00,92.32700348
5/14/2019 0:00,92.62200165
5/15/2019 0:00,93.72149658
5/16/2019 0:00,95.87550354
5/17/2019 0:00,95.52649689
5/20/2019 0:00,93.38899994
5/21/2019 0:00,93.94999695
5/22/2019 0:00,93.57450104
5/23/2019 0:00,92.19999695
5/24/2019 0:00,92.08799744
5/28/2019 0:00,92.46350098
5/29/2019 0:00,91.5
5/30/2019 0:00,91.47350311
5/31/2019 0:00,89.77950287
6/3/2019 0:00,88.3144989
6/4/2019 0:00,86.54100037
6/5/2019 0:00,87.59999847
6/6/2019 0:00,88
6/7/2019 0:00,90.3125
6/10/2019 0:00,94.24349976
6/11/2019 0:00,94.68499756
6/12/2019 0:00,93.25
6/13/2019 0:00,94.15450287
6/14/2019 0:00,93.80000305
6/17/2019 0:00,94.78450012
6/18/2019 0:00,96.08350372
6/19/2019 0:00,95.97899628
6/20/2019 0:00,96.76000214
6/21/2019 0:00,96.29750061
6/24/2019 0:00,95.84300232
6/25/2019 0:00,95.81950378
6/26/2019 0:00,95.19000244
6/27/2019 0:00,95.56199646
6/28/2019 0:00,95.64700317
7/1/2019 0:00,96.49099731
7/2/2019 0:00,96.73950195
7/3/2019 0:00,97.07949829
7/5/2019 0:00,97.29499817
7/8/2019 0:00,97.80000305
7/9/2019 0:00,99.50050354
7/10/2019 0:00,101.2470016
7/11/2019 0:00,101.7900009
7/12/2019 0:00,100.8499985
7/15/2019 0:00,101.1449966
7/16/2019 0:00,101.3160019
7/17/2019 0:00,100.5999985
7/18/2019 0:00,99.375
7/19/2019 0:00,99.80000305
7/22/2019 0:00,99.44999695
7/23/2019 0:00,99.88950348
7/24/2019 0:00,100.0650024
7/25/2019 0:00,100.0599976
7/26/2019 0:00,97.54499817
7/29/2019 0:00,96.6115036
7/30/2019 0:00,95.49449921
7/31/2019 0:00,94.97750092
8/1/2019 0:00,94.89600372
8/2/2019 0:00,92.31800079
8/5/2019 0:00,89.4335022
8/6/2019 0:00,89.68849945
8/7/2019 0:00,89.94650269
8/8/2019 0:00,91.71299744
8/9/2019 0:00,91.55449677
8/12/2019 0:00,90.0490036
8/13/2019 0:00,91.58699799
8/14/2019 0:00,89.78250122
8/15/2019 0:00,89.40000153
8/16/2019 0:00,90.14550018
8/19/2019 0:00,91.30000305
8/20/2019 0:00,90.84100342
8/21/2019 0:00,91.47899628
8/22/2019 0:00,91.47049713
8/23/2019 0:00,90.24500275
8/26/2019 0:00,88.5
8/27/2019 0:00,88.97000122
8/28/2019 0:00,88.39299774
8/29/2019 0:00,89.92749786
8/30/2019 0:00,89.98699951
9/3/2019 0:00,90.04000092
9/4/2019 0:00,90.38150024
9/5/2019 0:00,92.09999847
9/6/2019 0:00,92.03250122
9/9/2019 0:00,92.5
9/10/2019 0:00,91.29049683
9/11/2019 0:00,91.67099762
9/12/2019 0:00,92.68299866
9/13/2019 0:00,92.30599976
9/16/2019 0:00,91.28450012
9/17/2019 0:00,91.19950104
9/18/2019 0:00,91.10299683
9/19/2019 0:00,91.62850189
9/20/2019 0:00,91.53150177
9/23/2019 0:00,89.63500214
9/24/2019 0:00,89.78549957
9/25/2019 0:00,88.65000153
9/26/2019 0:00,88.16850281
9/27/2019 0:00,87.45600128
9/30/2019 0:00,86.8730011
10/1/2019 0:00,87.77999878
10/2/2019 0:00,86.44450378
10/3/2019 0:00,86.25
10/4/2019 0:00,87.02899933
10/7/2019 0:00,87.39150238
10/8/2019 0:00,86.34999847
10/9/2019 0:00,86.49749756
10/10/2019 0:00,86.91449738
10/11/2019 0:00,87.27249908
10/14/2019 0:00,87.09449768
10/15/2019 0:00,88.82250214
10/16/2019 0:00,89.31199646
10/17/2019 0:00,89.94249725
10/18/2019 0:00,89.6989975
10/21/2019 0:00,89.29399872
10/22/2019 0:00,89.48899841
10/23/2019 0:00,88.50250244
10/24/2019 0:00,89.41699982
10/25/2019 0:00,88.21050262
10/28/2019 0:00,88.93499756
10/29/2019 0:00,88.84999847
10/30/2019 0:00,89.1190033
10/31/2019 0:00,89.59999847
11/1/2019 0:00,89.87249756
11/4/2019 0:00,90.75299835
11/5/2019 0:00,90.51249695
11/6/2019 0:00,90.125
11/7/2019 0:00,90.29499817
11/8/2019 0:00,89.4940033
11/11/2019 0:00,89
11/12/2019 0:00,89.31099701
11/13/2019 0:00,88.75
11/14/2019 0:00,88.32949829
11/15/2019 0:00,88.08399963
11/18/2019 0:00,87.68499756
11/19/2019 0:00,88.03399658
11/20/2019 0:00,88.12599945
11/21/2019 0:00,87.34349823
11/22/2019 0:00,87.32150269
11/25/2019 0:00,88.8710022
11/26/2019 0:00,89.85150146
11/27/2019 0:00,91.22499847
11/29/2019 0:00,91.23449707
12/2/2019 0:00,90.27749634
12/3/2019 0:00,88.64350128
12/4/2019 0:00,89.45449829
12/5/2019 0:00,88.17500305
12/6/2019 0:00,87.72000122
12/9/2019 0:00,88.34449768
12/10/2019 0:00,87.53350067
12/11/2019 0:00,87.5
12/12/2019 0:00,88.19999695
12/13/2019 0:00,88.44950104
12/16/2019 0:00,88.47499847
12/17/2019 0:00,89.59999847
12/18/2019 0:00,89.91000366
12/19/2019 0:00,89.64949799
12/20/2019 0:00,90.14849854
12/23/2019 0:00,89.65000153
12/24/2019 0:00,89.77850342
12/26/2019 0:00,93.52300262
12/27/2019 0:00,95.06999969
12/30/2019 0:00,94.19999695
12/31/2019 0:00,92.66300201
1/2/2020 0:00,94.90049744
1/3/2020 0:00,94.30999756
1/6/2020 0:00,95.18450165
1/7/2020 0:00,95.69450378
1/8/2020 0:00,95.55000305
1/9/2020 0:00,95.89099884
1/10/2020 0:00,95.34700012
1/13/2020 0:00,94.90000153
1/14/2020 0:00,94.35549927
1/15/2020 0:00,93.94300079
1/16/2020 0:00,94.27950287
1/17/2020 0:00,94.33200073
1/21/2020 0:00,94.71350098
1/22/2020 0:00,95.125
1/23/2020 0:00,94.49900055
1/24/2020 0:00,94.74949646
1/27/2020 0:00,92.05000305
1/28/2020 0:00,92.90550232
1/29/2020 0:00,93.73750305
1/30/2020 0:00,93.64350128
1/31/2020 0:00,102.7860031
2/3/2020 0:00,102.4250031
2/4/2020 0:00,102.9899979
2/5/2020 0:00,103.5510025
2/6/2020 0:00,102.8150024
2/7/2020 0:00,104.9264984
2/10/2020 0:00,106.7799988
2/11/2020 0:00,109.2975006
2/12/2020 0:00,109.0124969
2/13/2020 0:00,108.5139999
2/14/2020 0:00,107.9520035
2/18/2020 0:00,108.3034973
2/19/2020 0:00,109.2549973
2/20/2020 0:00,108.8395004
2/21/2020 0:00,107.2275009
2/24/2020 0:00,101.9649963
2/25/2020 0:00,101.7300034
2/26/2020 0:00,100.7334976
2/27/2020 0:00,98.75
2/28/2020 0:00,94.48799896
3/2/2020 0:00,97.72550201
3/3/2020 0:00,99.8164978
3/4/2020 0:00,98.90000153
3/5/2020 0:00,98.03600311
3/6/2020 0:00,95.54350281
3/9/2020 0:00,93.1384964
3/10/2020 0:00,94.71350098
3/11/2020 0:00,93.56600189
3/12/2020 0:00,88.25
3/13/2020 0:00,89.31549835
3/16/2020 0:00,87.97250366
3/17/2020 0:00,92.88899994
3/18/2020 0:00,92.08300018
3/19/2020 0:00,97.25
3/20/2020 0:00,97.84999847
3/23/2020 0:00,95.97000122
3/24/2020 0:00,97.75
3/25/2020 0:00,97.51300049
3/26/2020 0:00,97.82450104
3/27/2020 0:00,96.98950195
3/30/2020 0:00,98.6815033
3/31/2020 0:00,99.65100098
4/1/2020 0:00,97.2480011
4/2/2020 0:00,96.37650299
4/3/2020 0:00,96.3164978
4/6/2020 0:00,99.9260025
4/7/2020 0:00,101.7860031
4/8/2020 0:00,102.1999969
4/9/2020 0:00,102.6500015
4/13/2020 0:00,109
4/14/2020 0:00,114.5999985
4/15/2020 0:00,116.6685028
4/16/2020 0:00,123.0500031
4/17/2020 0:00,120
4/20/2020 0:00,122.2490005
4/21/2020 0:00,121.4154968
4/22/2020 0:00,119.6999969
4/23/2020 0:00,121.2109985
4/24/2020 0:00,121.0214996
4/27/2020 0:00,122.2440033
4/28/2020 0:00,118.6750031
4/29/2020 0:00,119.5944977
4/30/2020 0:00,123.75
5/1/2020 0:00,118.1220016
5/4/2020 0:00,116.348999
5/5/2020 0:00,117.5500031
5/6/2020 0:00,117.8724976
5/7/2020 0:00,118.8000031
5/8/2020 0:00,119.3619995
5/11/2020 0:00,120.9834976
5/12/2020 0:00,120.9499969
5/13/2020 0:00,120.3850021
5/14/2020 0:00,119.5684967
5/15/2020 0:00,120.5500031
5/18/2020 0:00,121.6500015
5/19/2020 0:00,124.25
5/20/2020 0:00,125.0005035
5/21/2020 0:00,126.2724991
5/22/2020 0:00,123.4925003
5/26/2020 0:00,123.0999985
5/27/2020 0:00,120.6790009
5/28/2020 0:00,121.8485031
5/29/2020 0:00,122.1184998
6/1/2020 0:00,123.8464966
6/2/2020 0:00,123.6764984
6/3/2020 0:00,124.4000015
6/4/2020 0:00,125.3769989
6/5/2020 0:00,124.4325027
6/8/2020 0:00,126.5
6/9/2020 0:00,131.3215027
6/10/2020 0:00,136.1174927
6/11/2020 0:00,133.5690002
6/12/2020 0:00,131.0740051
6/15/2020 0:00,129.1999969
6/16/2020 0:00,131
6/17/2020 0:00,132.75
6/18/2020 0:00,132.9819946
6/19/2020 0:00,134.8715057
6/22/2020 0:00,135.75
6/23/2020 0:00,139.1555023
6/24/2020 0:00,139.8000031
6/25/2020 0:00,137.8114929
6/26/2020 0:00,139.1284943
6/29/2020 0:00,134.8399963
6/30/2020 0:00,138.4815063
7/1/2020 0:00,144.75
7/2/2020 0:00,147.7779999
7/6/2020 0:00,152.9940033
7/7/2020 0:00,153.4774933
7/8/2020 0:00,154.1985016
7/9/2020 0:00,159.6940002
7/10/2020 0:00,160.75
7/13/2020 0:00,167.2144928
7/14/2020 0:00,156.3690033
7/15/2020 0:00,154.9174957
7/16/2020 0:00,151.6000061
7/17/2020 0:00,151.1999969
7/20/2020 0:00,160.0679932
7/21/2020 0:00,162.029007
7/22/2020 0:00,157.5
7/23/2020 0:00,154.9134979
7/24/2020 0:00,151.5789948
7/27/2020 0:00,154.8999939
7/28/2020 0:00,153.8545074
7/29/2020 0:00,151.9579926
7/30/2020 0:00,154.6000061
7/31/2020 0:00,162.3410034
8/3/2020 0:00,159.1999969
8/4/2020 0:00,158.3619995
8/5/2020 0:00,160.6795044
8/6/2020 0:00,162.3735046
8/7/2020 0:00,162.0404968
8/10/2020 0:00,158.6255035
8/11/2020 0:00,157.9609985
8/12/2020 0:00,158.7194977
8/13/2020 0:00,160.8760071
8/14/2020 0:00,158.9120026
8/17/2020 0:00,159.7485046
8/18/2020 0:00,166
8/19/2020 0:00,165.7949982
8/20/2020 0:00,165.6309967
8/21/2020 0:00,165.7200012
8/24/2020 0:00,169.0160065
8/25/2020 0:00,167.8699951
8/26/2020 0:00,172.5870056
8/27/2020 0:00,172.6499939
8/28/2020 0:00,171.6685028
8/31/2020 0:00,174.75
9/1/2020 0:00,175.6934967
9/2/2020 0:00,177.6125031
9/3/2020 0:00,174.4205017
9/4/2020 0:00,169.0749969
9/8/2020 0:00,162.5424957
9/9/2020 0:00,165.1589966
9/10/2020 0:00,167.4945068
9/11/2020 0:00,160.8670044
9/14/2020 0:00,159.3695068
9/15/2020 0:00,158.7510071
9/16/2020 0:00,159.3619995
9/17/2020 0:00,151.4714966
9/18/2020 0:00,151.8899994
9/21/2020 0:00,148.1000061
9/22/2020 0:00,156.6994934
9/23/2020 0:00,156.3500061
9/24/2020 0:00,153.4649963
9/25/2020 0:00,155.0769958
9/28/2020 0:00,158.7519989
9/29/2020 0:00,159.4129944
9/30/2020 0:00,160.6439972
10/1/2020 0:00,161.1999969
10/2/2020 0:00,159.7899933
10/5/2020 0:00,160.1264954
10/6/2020 0:00,159.1000061
10/7/2020 0:00,160
10/8/2020 0:00,161.664505
10/9/2020 0:00,164.4494934
10/12/2020 0:00,174.8119965
10/13/2020 0:00,174.6190033
10/14/2020 0:00,173.2440033
10/15/2020 0:00,167.7940063
10/16/2020 0:00,169.9830017
10/19/2020 0:00,166.4499969
10/20/2020 0:00,163.3000031
10/21/2020 0:00,161.6940002
10/22/2020 0:00,159.9375
10/23/2020 0:00,160.2664948
10/26/2020 0:00,164.1490021
10/27/2020 0:00,164.5829926
10/28/2020 0:00,163.201004
10/29/2020 0:00,162.8625031
10/30/2020 0:00,158.3500061
11/2/2020 0:00,153.9855042
11/3/2020 0:00,153.7449951
11/4/2020 0:00,162.2424927
11/5/2020 0:00,168.3399963
11/6/2020 0:00,166.1000061
11/9/2020 0:00,164.4499969
11/10/2020 0:00,155.6999969
11/11/2020 0:00,156.9575043
11/12/2020 0:00,158.7940063
11/13/2020 0:00,157.0859985
11/16/2020 0:00,157.1349945
11/17/2020 0:00,159.4624939
11/18/2020 0:00,157
11/19/2020 0:00,156.25
11/20/2020 0:00,156.6445007
11/23/2020 0:00,156.9875031
11/24/2020 0:00,156.7124939
11/25/2020 0:00,159.8999939
11/27/2020 0:00,160.809494
11/30/2020 0:00,161.4194946
12/1/2020 0:00,162.4474945
12/2/2020 0:00,161.6000061
12/3/2020 0:00,161.4320068
12/4/2020 0:00,159.9105072
12/7/2020 0:00,159.0379944
12/8/2020 0:00,159.2064972
12/9/2020 0:00,158.7214966
12/10/2020 0:00,157.1049957
12/11/2020 0:00,155.9335022
12/14/2020 0:00,159.5234985
12/15/2020 0:00,159.4250031
12/16/2020 0:00,162.3500061
12/17/2020 0:00,163.1755066
12/18/2020 0:00,162.470993
12/21/2020 0:00,161.3484955
12/22/2020 0:00,161.1000061
12/23/2020 0:00,160.5065002
12/24/2020 0:00,160.1000061
12/28/2020 0:00,165.1999969
12/29/2020 0:00,167.5325012
12/30/2020 0:00,167.1049957
12/31/2020 0:00,164.1459961
1/4/2021 0:00,163.6000061
1/5/2021 0:00,161.1690063
1/6/2021 0:00,159.8755035
1/7/2021 0:00,160.427002
1/8/2021 0:00,159.5319977
1/11/2021 0:00,157.8190002
1/12/2021 0:00,157.1069946
1/13/2021 0:00,159.4974976
1/14/2021 0:00,158.8999939
1/15/2021 0:00,157.1275024
1/19/2021 0:00,157.25
1/20/2021 0:00,163.9900055
1/21/2021 0:00,167.4275055
1/22/2021 0:00,166.0955048
1/25/2021 0:00,168.1945038
1/26/2021 0:00,166.8999939
1/27/2021 0:00,167.326004
1/28/2021 0:00,165.0839996
1/29/2021 0:00,161.8495026
2/1/2021 0:00,167.5130005
2/2/2021 0:00,171.3869934
2/3/2021 0:00,171.6999969
2/4/2021 0:00,167.3500061
2/5/2021 0:00,168.8500061
2/8/2021 0:00,168.25
2/9/2021 0:00,166.8999939
2/10/2021 0:00,165.8975067
2/11/2021 0:00,164.6000061
2/12/2021 0:00,164.0124969
2/16/2021 0:00,165.4149933
2/17/2021 0:00,166.0455017
2/18/2021 0:00,166.8999939
2/19/2021 0:00,166.6750031
2/22/2021 0:00,161.6159973
2/23/2021 0:00,160.236496
2/24/2021 0:00,158.5614929
2/25/2021 0:00,158.9129944
2/26/2021 0:00,156.121994
3/1/2021 0:00,157.4779968
3/2/2021 0:00,158.1759949
3/3/2021 0:00,155.3890076
3/4/2021 0:00,152.9064941
3/5/2021 0:00,150.4499969
3/8/2021 0:00,153.2295074
3/9/2021 0:00,154.5480042
3/10/2021 0:00,155.822998
3/11/2021 0:00,156.5890045
3/12/2021 0:00,154.9490051
3/15/2021 0:00,154.1119995
3/16/2021 0:00,156.4454956
3/17/2021 0:00,158.6524963
3/18/2021 0:00,155.8314972
3/19/2021 0:00,153.864502
3/22/2021 0:00,156.3289948
3/23/2021 0:00,159.1000061
3/24/2021 0:00,158.0155029
3/25/2021 0:00,155.4889984
3/26/2021 0:00,152.8329926
3/29/2021 0:00,154.5625
3/30/2021 0:00,153.6499939
3/31/2021 0:00,155.966507
4/1/2021 0:00,158.121994
4/5/2021 0:00,161.7980042
4/6/2021 0:00,162.3654938
4/7/2021 0:00,165.1804962
4/8/2021 0:00,166.2250061
4/9/2021 0:00,168.6100006
4/12/2021 0:00,169.7519989
4/13/2021 0:00,171.6000061
4/14/2021 0:00,170.2064972
4/15/2021 0:00,169.8500061
4/16/2021 0:00,170.3399963
4/19/2021 0:00,171.7964935
4/20/2021 0:00,169.1495056
4/21/2021 0:00,168.1430054
4/22/2021 0:00,168.6434937
4/23/2021 0:00,168.75
4/26/2021 0:00,171.4225006
4/27/2021 0:00,173
4/28/2021 0:00,174.4940033
4/29/2021 0:00,175.7225037
4/30/2021 0:00,177.6999969
5/3/2021 0:00,174.3325043
5/4/2021 0:00,168.3990021
5/5/2021 0:00,167.7350006
5/6/2021 0:00,165.7200012
5/7/2021 0:00,166.5444946
5/10/2021 0:00,164.1499939
5/11/2021 0:00,161.8999939
5/12/2021 0:00,160.3970032
5/13/2021 0:00,160.1920013
5/14/2021 0:00,161.4429932
5/17/2021 0:00,164.6374969
5/18/2021 0:00,165.6000061
5/19/2021 0:00,161.7375031
5/20/2021 0:00,162.9839935
5/21/2021 0:00,162.8345032
5/24/2021 0:00,162.8975067
5/25/2021 0:00,163.9909973
5/26/2021 0:00,164.786499
5/27/2021 0:00,163.0180054
5/28/2021 0:00,162.3995056
6/1/2021 0:00,162.548996
6/2/2021 0:00,161.75
6/3/2021 0:00,160.7220001
6/4/2021 0:00,161.0500031
6/7/2021 0:00,160.3999939
6/8/2021 0:00,163.9765015
6/9/2021 0:00,164.8789978
6/10/2021 0:00,167.5500031
6/11/2021 0:00,168.3289948
6/14/2021 0:00,169.25
6/15/2021 0:00,169.8495026
6/16/2021 0:00,171.3175049
6/17/2021 0:00,174.8600006
6/18/2021 0:00,175.3500061
6/21/2021 0:00,174.1000061
6/22/2021 0:00,176.1889954
6/23/2021 0:00,176.0500031
6/24/2021 0:00,176.2429962
6/25/2021 0:00,173.2409973
6/28/2021 0:00,172.3999939
6/29/2021 0:00,172.8014984
6/30/2021 0:00,173.5800018
7/1/2021 0:00,172.8500061
7/2/2021 0:00,175.5859985
7/6/2021 0:00,184.2740021
7/7/2021 0:00,186.7100067
7/8/2021 0:00,187.9994965
7/9/2021 0:00,187.3999939
7/12/2021 0:00,187.864502
7/13/2021 0:00,188.654007
7/14/2021 0:00,185.8829956
7/15/2021 0:00,184.7700043
7/16/2021 0:00,182.3029938
7/19/2021 0:00,177.510498
7/20/2021 0:00,179.6000061
7/21/2021 0:00,179.3224945
7/22/2021 0:00,182.0010071
7/23/2021 0:00,183.3054962
7/26/2021 0:00,185.6040039
7/27/2021 0:00,184.9250031
7/28/2021 0:00,182.9210052
7/29/2021 0:00,181.8975067
7/30/2021 0:00,168.4069977
8/2/2021 0:00,167.9459991
8/3/2021 0:00,169.5500031
8/4/2021 0:00,169.4440002
8/5/2021 0:00,169.4499969
8/6/2021 0:00,168.75
8/9/2021 0:00,167.7440033
8/10/2021 0:00,167.8999939
8/11/2021 0:00,166.8849945
8/12/2021 0:00,165.7254944
8/13/2021 0:00,165.3034973
8/16/2021 0:00,165
8/17/2021 0:00,164.0245056
8/18/2021 0:00,162.7050018
8/19/2021 0:00,161.6499939
8/20/2021 0:00,160.3905029
8/23/2021 0:00,164.0449982
8/24/2021 0:00,165.7745056
8/25/2021 0:00,166.0500031
8/26/2021 0:00,166.6000061
8/27/2021 0:00,167.6159973
8/30/2021 0:00,172.25
8/31/2021 0:00,173.6289978
9/1/2021 0:00,176.3500061
9/2/2021 0:00,175.5980072
9/3/2021 0:00,174.1334991
9/7/2021 0:00,176.4044952
9/8/2021 0:00,177.2814941
9/9/2021 0:00,177.4994965
9/10/2021 0:00,175.4225006
9/13/2021 0:00,174.897995
9/14/2021 0:00,174.3404999
9/15/2021 0:00,174.2709961
9/16/2021 0:00,174.6275024
9/17/2021 0:00,174.8704987
9/20/2021 0:00,170.9499969
9/21/2021 0:00,168.9850006
9/22/2021 0:00,169.4499969
9/23/2021 0:00,171.447998
9/24/2021 0:00,171.4629974
9/27/2021 0:00,170.7785034
9/28/2021 0:00,168.4595032
9/29/2021 0:00,167.5650024
9/30/2021 0:00,166.3925018
10/1/2021 0:00,165.4584961
10/4/2021 0:00,163.9994965
10/5/2021 0:00,163.036499
10/6/2021 0:00,163.2169952
10/7/2021 0:00,166.2875061
10/8/2021 0:00,166.0715027
10/11/2021 0:00,164.6295013
10/12/2021 0:00,163.3764954
10/13/2021 0:00,164.4190063
10/14/2021 0:00,165.6300049
10/15/2021 0:00,170.5209961
10/18/2021 0:00,172.4584961
10/19/2021 0:00,172.7344971
10/20/2021 0:00,173.1430054
10/21/2021 0:00,172.0140076
10/22/2021 0:00,171.4920044
10/25/2021 0:00,167.3899994
10/26/2021 0:00,170.8059998
10/27/2021 0:00,171.8500061
10/28/2021 0:00,173.9499969
10/29/2021 0:00,168.7409973
11/1/2021 0:00,168.7929993
11/2/2021 0:00,166.5559998
11/3/2021 0:00,169.7460022
11/4/2021 0:00,174.9315033
11/5/2021 0:00,178.3125
11/8/2021 0:00,178.9499969
11/9/2021 0:00,179.6885071
11/10/2021 0:00,180.2725067
11/11/2021 0:00,177.1620026
11/12/2021 0:00,177.036499
11/15/2021 0:00,179.6940002
11/16/2021 0:00,178.8249969
11/17/2021 0:00,179.3625031
11/18/2021 0:00,185.2100067
11/19/2021 0:00,188.1074982
11/22/2021 0:00,185.6730042
11/23/2021 0:00,181.0525055
11/24/2021 0:00,180.6820068
11/26/2021 0:00,181.6750031
11/29/2021 0:00,179.8000031
11/30/2021 0:00,179.2884979
12/1/2021 0:00,177.9940033
12/2/2021 0:00,174.6349945
12/3/2021 0:00,173.4934998
12/6/2021 0:00,173.6954956
12/7/2021 0:00,177.4994965
12/8/2021 0:00,177.1799927
12/9/2021 0:00,176.9694977
12/10/2021 0:00,175.927002
12/13/2021 0:00,172.1000061
12/14/2021 0:00,169.4989929
12/15/2021 0:00,173.6000061
12/16/2021 0:00,174.1660004
12/17/2021 0:00,170.8984985
12/20/2021 0:00,167.8744965
12/21/2021 0:00,170.716507
12/22/2021 0:00,172.0500031
12/23/2021 0:00,171.9750061
12/27/2021 0:00,172.9429932
12/28/2021 0:00,172.1759949
12/29/2021 0:00,171.2120056
12/30/2021 0:00,170.8880005
12/31/2021 0:00,169.3500061
1/3/2022 0:00,170.7035065
1/4/2022 0:00,171.3999939
1/5/2022 0:00,167.1264954
1/6/2022 0:00,164.8000031
1/7/2022 0:00,165.2434998
1/10/2022 0:00,161.661499
1/11/2022 0:00,166.3500061
1/12/2022 0:00,166.878006
1/13/2022 0:00,166.2214966
1/14/2022 0:00,162.25
1/18/2022 0:00,159.7344971
1/19/2022 0:00,159.25
1/20/2022 0:00,158
1/21/2022 0:00,150.8999939
1/24/2022 0:00,144.9450073
1/25/2022 0:00,143.6000061
1/26/2022 0:00,145.1849976
1/27/2022 0:00,144.2434998
1/28/2022 0:00,143.9980011
1/31/2022 0:00,150.3605042
2/1/2022 0:00,151.7079926
2/2/2022 0:00,155.0749969
2/3/2022 0:00,144.2474976
2/4/2022 0:00,161.1999969
2/7/2022 0:00,162.6909943
2/8/2022 0:00,161.7924957
2/9/2022 0:00,163.8345032
2/10/2022 0:00,160.716507
2/11/2022 0:00,159
2/14/2022 0:00,158.4485016
2/15/2022 0:00,158.0070038
2/16/2022 0:00,158.8339996
2/17/2022 0:00,160.348999
2/18/2022 0:00,155.4994965
2/22/2022 0:00,152.9824982
2/23/2022 0:00,151.7630005
2/24/2022 0:00,151.7489929
2/25/2022 0:00,153.9900055
2/28/2022 0:00,154.4499969
3/1/2022 0:00,154.098999
3/2/2022 0:00,152.9994965
3/3/2022 0:00,153.9290009
3/4/2022 0:00,147.8500061
3/7/2022 0:00,146.0944977
3/8/2022 0:00,140.6994934
3/9/2022 0:00,140.25
3/10/2022 0:00,148.6744995
3/11/2022 0:00,149.6750031
3/14/2022 0:00,147.4499969
3/15/2022 0:00,147.9850006
3/16/2022 0:00,153.1499939
3/17/2022 0:00,157.4985046
3/18/2022 0:00,161.5939941
3/21/2022 0:00,163.0839996
3/22/2022 0:00,166.1670074
3/23/2022 0:00,166.3699951
3/24/2022 0:00,164.1184998
3/25/2022 0:00,165.3684998
3/28/2022 0:00,169.0375061
3/29/2022 0:00,170.8314972
3/30/2022 0:00,168.9505005
3/31/2022 0:00,166.4949951
4/1/2022 0:00,165.8269958
4/4/2022 0:00,168.3945007
4/5/2022 0:00,168.1105042
4/6/2022 0:00,162.1999969
4/7/2022 0:00,160.0789948
4/8/2022 0:00,157.3684998
4/11/2022 0:00,154.1365051
4/12/2022 0:00,155.098999
4/13/2022 0:00,156.0249939
4/14/2022 0:00,155.8970032
4/18/2022 0:00,154.039505
4/19/2022 0:00,158.6490021
4/20/2022 0:00,157.6024933
4/21/2022 0:00,156.7380066
4/22/2022 0:00,149.6150055
4/25/2022 0:00,146.2214966
4/26/2022 0:00,144.8560028
4/27/2022 0:00,141.9485016
4/28/2022 0:00,145.9375
4/29/2022 0:00,130.7610016
5/2/2022 0:00,124.6679993
5/3/2022 0:00,126.2204971
5/4/2022 0:00,126
5/5/2022 0:00,123.4990005
5/6/2022 0:00,119.050499
5/9/2022 0:00,114
5/10/2022 0:00,112.6425018
5/11/2022 0:00,110.1559982
5/12/2022 0:00,110.7805023
5/13/2022 0:00,113.1839981
5/16/2022 0:00,113.9925003
5/17/2022 0:00,115.8000031
5/18/2022 0:00,112.8529968
5/19/2022 0:00,110.0339966
5/20/2022 0:00,109.8980026
5/23/2022 0:00,108.8190002
5/24/2022 0:00,105.4000015
5/25/2022 0:00,108.1750031
5/26/2022 0:00,112.6654968
5/27/2022 0:00,115.1869965
5/31/2022 0:00,121.9944992
6/1/2022 0:00,125.1790009
6/2/2022 0:00,125.6100006
6/3/2022 0:00,124.4000015
6/6/2022 0:00,128.9900055
6/7/2022 0:00,124.0999985
6/8/2022 0:00,123.75
6/9/2022 0:00,121.3000031
6/10/2022 0:00,114.5
6/13/2022 0:00,106.5400009
6/14/2022 0:00,104.8799973
6/15/2022 0:00,109.0599976
6/16/2022 0:00,104.5800018
6/17/2022 0:00,106.9800034
6/21/2022 0:00,111.6299973
6/22/2022 0:00,112.1299973
6/23/2022 0:00,113
6/24/2022 0:00,116.7099991
6/27/2022 0:00,117.9800034
6/28/2022 0:00,114.8499985
6/29/2022 0:00,110.9899979
6/30/2022 0:00,108.1800003
7/1/2022 0:00,109.75
7/5/2022 0:00,114.0800018
7/6/2022 0:00,115.4800034
7/7/2022 0:00,116.9899979
7/8/2022 0:00,116.5800018
7/11/2022 0:00,114.3000031
7/12/2022 0:00,113.2300034
7/13/2022 0:00,111.7799988
7/14/2022 0:00,111.1800003
7/15/2022 0:00,115.5899963
7/18/2022 0:00,117.2399979
7/19/2022 0:00,118.9499969
7/20/2022 0:00,123.4800034
7/21/2022 0:00,124.8499985
7/22/2022 0:00,125.5
7/25/2022 0:00,123.6399994
7/26/2022 0:00,118.1500015
7/27/2022 0:00,121.9000015
7/28/2022 0:00,122.8399963
7/29/2022 0:00,137.6499939
8/1/2022 0:00,138.8300018
8/2/2022 0:00,137.4400024
8/3/2022 0:00,140.4900055
8/4/2022 0:00,143.5599976
8/5/2022 0:00,142.8600006
8/8/2022 0:00,144.2299957
8/9/2022 0:00,138.9499969
8/10/2022 0:00,144.6000061
8/11/2022 0:00,144.4900055
8/12/2022 0:00,143.5700073
8/15/2022 0:00,143.7599945
8/16/2022 0:00,146.5700073
8/17/2022 0:00,143.3800049
8/18/2022 0:00,142.7700043
8/19/2022 0:00,141.1100006
8/22/2022 0:00,136.3200073
8/23/2022 0:00,134.9900055
8/24/2022 0:00,135.4700012
8/25/2022 0:00,137.4199982
8/26/2022 0:00,137.8300018
8/29/2022 0:00,131.9499969
8/30/2022 0:00,132.0700073
8/31/2022 0:00,130.5899963
9/1/2022 0:00,128.0200043
9/2/2022 0:00,131.3800049
9/6/2022 0:00,128.6199951
9/7/2022 0:00,129.8200073
9/8/2022 0:00,130.2799988
9/9/2022 0:00,133.6900024
9/12/2022 0:00,136.4900055
9/13/2022 0:00,131.3999939
9/14/2022 0:00,128.8399963
9/15/2022 0:00,130.3699951
9/16/2022 0:00,123.8700027
9/19/2022 0:00,124.7099991
9/20/2022 0:00,124.4000015
9/21/2022 0:00,123.7600021
9/22/2022 0:00,118.7900009
9/23/2022 0:00,116.0500031
9/26/2022 0:00,117.3399963
9/27/2022 0:00,118.3199997
9/28/2022 0:00,118.6999969
9/29/2022 0:00,116.0699997
9/30/2022 0:00,116.9199982
10/3/2022 0:00,116.9100037
10/4/2022 0:00,123
10/5/2022 0:00,121.75
10/6/2022 0:00,121.5299988
10/7/2022 0:00,118.1699982
10/10/2022 0:00,116.25
10/11/2022 0:00,115.4800034
10/12/2022 0:00,113.8300018
10/13/2022 0:00,113.4400024
10/14/2022 0:00,114.9599991
10/17/2022 0:00,114.1900024
10/18/2022 0:00,119.5199966
10/19/2022 0:00,116.5899963
10/20/2022 0:00,118.2399979
10/21/2022 0:00,119.5899963
10/24/2022 0:00,120.3899994
10/25/2022 0:00,121.3199997
10/26/2022 0:00,119.3499985
10/27/2022 0:00,114.1200027
10/28/2022 0:00,103.9599991
10/31/2022 0:00,104.8700027
11/1/2022 0:00,104.5800018
11/2/2022 0:00,97.73999786
11/3/2022 0:00,93.5
11/4/2022 0:00,92.44000244
11/7/2022 0:00,92.09999847
11/8/2022 0:00,91.72000122
11/9/2022 0:00,89.48000336
11/10/2022 0:00,98.69000244
11/11/2022 0:00,101.1900024
11/14/2022 0:00,100.1200027
11/15/2022 0:00,103.7900009
11/16/2022 0:00,98.48999786
11/17/2022 0:00,96.97000122
11/18/2022 0:00,95.98999786
11/21/2022 0:00,95.01999664
11/22/2022 0:00,93.34999847
11/23/2022 0:00,94.58000183
11/25/2022 0:00,94.43000031
11/28/2022 0:00,96.40000153
11/29/2022 0:00,94.41000366
11/30/2022 0:00,96.54000092
12/1/2022 0:00,97.23000336
12/2/2022 0:00,95.36000061
12/5/2022 0:00,94.05999756
12/6/2022 0:00,91.04000092
12/7/2022 0:00,89.88999939
12/8/2022 0:00,90.86000061
12/9/2022 0:00,90.30000305
12/12/2022 0:00,90.58000183
12/13/2022 0:00,96.25
12/14/2022 0:00,93.45999908
12/15/2022 0:00,89.97000122
12/16/2022 0:00,89.34999847
12/19/2022 0:00,87.62999725
12/20/2022 0:00,86.61000061
12/21/2022 0:00,87.23000336
12/22/2022 0:00,85.68000031
12/23/2022 0:00,85.77999878
12/27/2022 0:00,85.34999847
12/28/2022 0:00,83.48000336
12/29/2022 0:00,84.55000305
12/30/2022 0:00,84.05000305
1/3/2023 0:00,86.95999908
1/4/2023 0:00,86.98000336
1/5/2023 0:00,85.41999817
1/6/2023 0:00,86.40000153
1/9/2023 0:00,89.48000336
1/10/2023 0:00,90.19000244
1/11/2023 0:00,95.26000214
1/12/2023 0:00,97.19000244
1/13/2023 0:00,98.37000275
1/17/2023 0:00,98.88999939
1/18/2023 0:00,99.31999969
1/19/2023 0:00,95.44000244
1/20/2023 0:00,97.34999847
1/23/2023 0:00,97.77999878
1/24/2023 0:00,98.08999634
1/25/2023 0:00,97.23999786
1/26/2023 0:00,99.48999786
1/27/2023 0:00,103.4899979
1/30/2023 0:00,101.7399979
1/31/2023 0:00,103.3499985
2/1/2023 0:00,106.2399979
2/2/2023 0:00,114
2/3/2023 0:00,108.7799988
2/6/2023 0:00,103.9499969
2/7/2023 0:00,102.4100037
2/8/2023 0:00,102.6699982
2/9/2023 0:00,101.7799988
2/10/2023 0:00,98.81999969
2/13/2023 0:00,99.68000031
2/14/2023 0:00,100.9199982
2/15/2023 0:00,101.1699982
2/16/2023 0:00,100.6299973
2/17/2023 0:00,97.94000244
2/21/2023 0:00,95.61000061
2/22/2023 0:00,97.01000214
2/23/2023 0:00,96.43000031
2/24/2023 0:00,94.13999939
2/27/2023 0:00,94.77999878
2/28/2023 0:00,94.69000244
3/1/2023 0:00,94.68000031
3/2/2023 0:00,92.23000336
3/3/2023 0:00,94.94000244
3/6/2023 0:00,96.55000305
3/7/2023 0:00,95.08999634
3/8/2023 0:00,94.16999817
3/9/2023 0:00,96.20999908
3/10/2023 0:00,93.56999969
3/13/2023 0:00,94.01999664
3/14/2023 0:00,95.06999969
3/15/2023 0:00,96.66999817
3/16/2023 0:00,100.9899979
3/17/2023 0:00,100.6600037
3/20/2023 0:00,98.48000336
3/21/2023 0:00,100.8499985
3/22/2023 0:00,102.0999985
3/23/2023 0:00,101.0599976
3/24/2023 0:00,98.30000305
3/27/2023 0:00,99.33999634
3/28/2023 0:00,98.44000244
3/29/2023 0:00,100.4199982
3/30/2023 0:00,103.0400009
3/31/2023 0:00,103.4899979
4/3/2023 0:00,103.2900009
4/4/2023 0:00,104.1999969
4/5/2023 0:00,103.9100037
4/6/2023 0:00,102.3799973
4/10/2023 0:00,102.1999969
4/11/2023 0:00,101
4/12/2023 0:00,100.5100021
4/13/2023 0:00,102.5699997
4/14/2023 0:00,103.1999969
4/17/2023 0:00,103.7300034
4/18/2023 0:00,104.1999969
4/19/2023 0:00,105.1200027
4/20/2023 0:00,105.25
4/21/2023 0:00,108.1500015
4/24/2023 0:00,109.2300034
4/25/2023 0:00,105.4499969
4/26/2023 0:00,106.6200027
4/27/2023 0:00,110.8600006
4/28/2023 0:00,109.4800034
5/1/2023 0:00,105.2300034
5/2/2023 0:00,103.9000015
5/3/2023 0:00,105.9599991
5/4/2023 0:00,105.3899994
5/5/2023 0:00,105.7600021
5/8/2023 0:00,106.0999985
5/9/2023 0:00,106.7900009
5/10/2023 0:00,110.6699982
5/11/2023 0:00,113.2799988
5/12/2023 0:00,112.6399994
5/15/2023 0:00,112.2900009
5/16/2023 0:00,114.7900009
5/17/2023 0:00,115.8300018
5/18/2023 0:00,118.5999985
5/19/2023 0:00,118.3099976
5/22/2023 0:00,116.7699966
5/23/2023 0:00,117.1399994
5/24/2023 0:00,117.3399963
5/25/2023 0:00,116.8700027
5/26/2023 0:00,121.5
5/30/2023 0:00,122.9199982
5/31/2023 0:00,122.0400009
6/1/2023 0:00,123.4899979
6/2/2023 0:00,126.3899994
6/5/2023 0:00,125.8000031
6/6/2023 0:00,127.4000015
6/7/2023 0:00,127.3700027
6/8/2023 0:00,125.6299973
6/9/2023 0:00,125.8000031
6/12/2023 0:00,126.7799988
6/13/2023 0:00,128.4100037
6/14/2023 0:00,126.9499969
6/15/2023 0:00,127.6900024
6/16/2023 0:00,127.9000015
6/20/2023 0:00,127.25
6/21/2023 0:00,126.7300034
6/22/2023 0:00,130.3300018
6/23/2023 0:00,130.8399963
6/26/2023 0:00,131.4900055
6/27/2023 0:00,130.0899963
6/28/2023 0:00,131.4799957
6/29/2023 0:00,129.2599945
6/30/2023 0:00,131.25
7/3/2023 0:00,131.8500061
7/5/2023 0:00,131.3999939
7/6/2023 0:00,128.7299957
7/7/2023 0:00,130.9700012
7/10/2023 0:00,129.2799988
7/11/2023 0:00,129.7700043
7/12/2023 0:00,131.2599945
7/13/2023 0:00,134.6699982
7/14/2023 0:00,136.6499939
7/17/2023 0:00,135.6199951
7/18/2023 0:00,133.8600006
7/19/2023 0:00,135.9900055
7/20/2023 0:00,134.7899933
7/21/2023 0:00,131.3699951
7/24/2023 0:00,131.6600037
7/25/2023 0:00,129.5800018
7/26/2023 0:00,129.0800018
7/27/2023 0:00,132.6300049
7/28/2023 0:00,133.0099945
7/31/2023 0:00,133.8699951
8/1/2023 0:00,133.6900024
8/2/2023 0:00,130.2299957
8/3/2023 0:00,129.8399963
8/4/2023 0:00,143.6300049
8/7/2023 0:00,142.5399933
8/8/2023 0:00,140.8399963
8/9/2023 0:00,140.3200073
8/10/2023 0:00,140.4100037
8/11/2023 0:00,139.3300018
8/14/2023 0:00,140.5899963
8/15/2023 0:00,141.2799988
8/16/2023 0:00,137.2700043
8/17/2023 0:00,136.0899963
8/18/2023 0:00,134.0700073
8/21/2023 0:00,135.1900024
8/22/2023 0:00,135.6499939
8/23/2023 0:00,135.9499969
8/24/2023 0:00,136.7799988
8/25/2023 0:00,133.8699951
8/28/2023 0:00,133.9499969
8/29/2023 0:00,135.1399994
8/30/2023 0:00,135.6799927
8/31/2023 0:00,138.7899933
9/1/2023 0:00,139.9600067
9/5/2023 0:00,137.8000031
9/6/2023 0:00,137.4499969
9/7/2023 0:00,138.0299988
9/8/2023 0:00,138.8500061
9/11/2023 0:00,143.6199951
9/12/2023 0:00,143
9/13/2023 0:00,144.9799957
9/14/2023 0:00,145.8600006
9/15/2023 0:00,143.5700073
9/18/2023 0:00,141.75
9/19/2023 0:00,138.8399963
9/20/2023 0:00,139.3699951
9/21/2023 0:00,132.2400055
9/22/2023 0:00,132.0299988
9/25/2023 0:00,131.7799988
9/26/2023 0:00,130.3899994
9/27/2023 0:00,127.4800034
9/28/2023 0:00,126.5800018
9/29/2023 0:00,129.1499939
10/2/2023 0:00,130.4700012
10/3/2023 0:00,128.5200043
10/4/2023 0:00,127.3600006
10/5/2023 0:00,126.7300034
10/6/2023 0:00,128.4499969
10/9/2023 0:00,128.7899933
10/10/2023 0:00,130.7400055
10/11/2023 0:00,132.0500031
10/12/2023 0:00,134.4799957
10/13/2023 0:00,133.3099976
10/16/2023 0:00,133.0700073
10/17/2023 0:00,132.5800018
10/18/2023 0:00,130.6699982
10/19/2023 0:00,132.2400055
10/20/2023 0:00,128.1699982
10/23/2023 0:00,127.8799973
10/24/2023 0:00,128.8000031
10/25/2023 0:00,126.3399963
10/26/2023 0:00,121.6399994
10/27/2023 0:00,130.0200043
10/30/2023 0:00,133
10/31/2023 0:00,133.5700073
11/1/2023 0:00,137.3500061
11/2/2023 0:00,138.8099976
11/3/2023 0:00,139.4900055
11/6/2023 0:00,140.7299957
11/7/2023 0:00,143.3699951
11/8/2023 0:00,143.1199951
11/9/2023 0:00,142.6499939
11/10/2023 0:00,143.6499939
11/13/2023 0:00,143.2299957
11/14/2023 0:00,147.2599945
11/15/2023 0:00,147.2899933
11/16/2023 0:00,143.3200073
11/17/2023 0:00,145.2299957
11/20/2023 0:00,146.6300049
11/21/2023 0:00,144.0500031
11/22/2023 0:00,147.7400055
11/24/2023 0:00,147.1999969
11/27/2023 0:00,149.2599945
11/28/2023 0:00,147.6000061
11/29/2023 0:00,148.5399933
11/30/2023 0:00,146.9299927
12/1/2023 0:00,147.25
12/4/2023 0:00,145.3500061
12/5/2023 0:00,148.5700073
12/6/2023 0:00,147.8500061
12/7/2023 0:00,147.9199982
12/8/2023 0:00,147.8399963
12/11/2023 0:00,146.1900024
12/12/2023 0:00,147.5
12/13/2023 0:00,149.4600067
12/14/2023 0:00,150.5399933
12/15/2023 0:00,150.5700073
12/18/2023 0:00,154.8500061
12/19/2023 0:00,155.1199951
12/20/2023 0:00,155.6300049
12/21/2023 0:00,153.9700012
12/22/2023 0:00,154.3500061
12/26/2023 0:00,153.9799957
12/27/2023 0:00,154.7799988
12/28/2023 0:00,154.0800018
12/29/2023 0:00,153.8899994
1/2/2024 0:00,152.3800049
1/3/2024 0:00,151.0500031
1/4/2024 0:00,147.3800049
1/5/2024 0:00,146.5899963
1/8/2024 0:00,149.3999939
1/9/2024 0:00,151.7100067
1/10/2024 0:00,154.4199982
1/11/2024 0:00,157.1699982
1/12/2024 0:00,156.1999969
1/16/2024 0:00,154.9900055
1/17/2024 0:00,152.1499939
1/18/2024 0:00,153.7799988
1/19/2024 0:00,155.7599945
1/22/2024 0:00,157.0500031
1/23/2024 0:00,156.2100067
1/24/2024 0:00,158.5099945
1/25/2024 0:00,158.5099945
1/26/2024 0:00,160.7200012
1/29/2024 0:00,161.2899933
1/30/2024 0:00,161.7299957
1/31/2024 0:00,159.0099945
2/1/2024 0:00,159.7599945
2/2/2024 0:00,172.5
2/5/2024 0:00,170.5500031
2/6/2024 0:00,170.7100067
2/7/2024 0:00,170.8800049
2/8/2024 0:00,171.4299927
2/9/2024 0:00,175
2/12/2024 0:00,175.3899994
2/13/2024 0:00,170.9499969
2/14/2024 0:00,171.2100067
2/15/2024 0:00,171.1699982
2/16/2024 0:00,170.4199982
2/20/2024 0:00,168.7100067
2/21/2024 0:00,170.2299957
2/22/2024 0:00,174.8000031
2/23/2024 0:00,175.75
2/26/2024 0:00,176.3699951
2/27/2024 0:00,174.6199951
2/28/2024 0:00,174.0500031
2/29/2024 0:00,177.2200012
3/1/2024 0:00,178.7299957
3/4/2024 0:00,180.1399994
3/5/2024 0:00,176.9299927
3/6/2024 0:00,176.4600067
3/7/2024 0:00,177.9900055
3/8/2024 0:00,178.7899933
3/11/2024 0:00,174.4700012
3/12/2024 0:00,176.7599945
3/13/2024 0:00,177.6199951
3/14/2024 0:00,179.5299988
3/15/2024 0:00,177.9299927
3/18/2024 0:00,176.6900024
3/19/2024 0:00,176.0899963
3/20/2024 0:00,178.5299988
3/21/2024 0:00,181.4199982
3/22/2024 0:00,179.2599945
3/25/2024 0:00,180.9900055
3/26/2024 0:00,180.4499969
3/27/2024 0:00,180
3/28/2024 0:00,181.6999969
4/1/2024 0:00,183
4/2/2024 0:00,180.7899933
4/3/2024 0:00,182.8699951
4/4/2024 0:00,185.1000061
4/5/2024 0:00,186.2700043
4/8/2024 0:00,187.2899933
4/9/2024 0:00,187.3399963
4/10/2024 0:00,186.2700043
4/11/2024 0:00,189.7700043
4/12/2024 0:00,188.3800049
4/15/2024 0:00,188.6900024
4/16/2024 0:00,184.8300018
4/17/2024 0:00,184.5700073
4/18/2024 0:00,182.3899994
4/19/2024 0:00,179
4/22/2024 0:00,178.8699951
4/23/2024 0:00,179.9299927
4/24/2024 0:00,180.3200073
4/25/2024 0:00,173.9199982
4/26/2024 0:00,180.8200073
4/29/2024 0:00,183.5299988
4/30/2024 0:00,182.9900055
5/1/2024 0:00,185.1499939
5/2/2024 0:00,185.1000061
5/3/2024 0:00,187.8699951
5/6/2024 0:00,188.75
5/7/2024 0:00,189.9400024
5/8/2024 0:00,188.4299927
5/9/2024 0:00,191.6999969
5/10/2024 0:00,189.8899994
5/13/2024 0:00,188.3099976
5/14/2024 0:00,187.7200012
5/15/2024 0:00,186.7200012
5/16/2024 0:00,187.3099976
5/17/2024 0:00,185.3000031
5/20/2024 0:00,186.6699982
5/21/2024 0:00,183.2599945
5/22/2024 0:00,185.2200012
5/23/2024 0:00,184.7599945
5/24/2024 0:00,182.4400024
5/28/2024 0:00,182.2400055
5/29/2024 0:00,184.0800018
5/30/2024 0:00,181.3399963
5/31/2024 0:00,179.2100067
6/3/2024 0:00,178.6999969
6/4/2024 0:00,179.8200073
6/5/2024 0:00,181.5
6/6/2024 0:00,185
6/7/2024 0:00,186.2899933
6/10/2024 0:00,187.2299957
6/11/2024 0:00,187.7700043
6/12/2024 0:00,188.3500061
6/13/2024 0:00,187.6699982
6/14/2024 0:00,183.7200012
6/17/2024 0:00,185
6/18/2024 0:00,184.2899933
6/20/2024 0:00,186.5099945
6/21/2024 0:00,189.2799988
6/24/2024 0:00,191
6/25/2024 0:00,188.8399963
6/26/2024 0:00,194.8000031
6/27/2024 0:00,199.8399963
6/28/2024 0:00,198.8500061
7/1/2024 0:00,198.3000031
7/2/2024 0:00,200.4299927
7/3/2024 0:00,200.0299988
7/5/2024 0:00,200.5500031
7/8/2024 0:00,201.1999969
7/9/2024 0:00,200.5700073
7/10/2024 0:00,200.1100006
7/11/2024 0:00,200.2700043
7/12/2024 0:00,196.4700012
7/15/2024 0:00,196.1900024
7/16/2024 0:00,196.6199951
7/17/2024 0:00,191.5800018
7/18/2024 0:00,189.6799927
7/19/2024 0:00,184.9299927
7/22/2024 0:00,185.0599976
7/23/2024 0:00,189.3899994
7/24/2024 0:00,185.4499969
7/25/2024 0:00,183.8999939
7/26/2024 0:00,183.1900024
7/29/2024 0:00,184.75
7/30/2024 0:00,185.8600006
7/31/2024 0:00,187.9400024
8/1/2024 0:00,190.6000061
8/2/2024 0:00,168.7700043
8/5/2024 0:00,162.9600067
8/6/2024 0:00,165.0800018
8/7/2024 0:00,167.5800018
8/8/2024 0:00,166.6900024
8/9/2024 0:00,168.5500031
8/12/2024 0:00,168.5500031
8/13/2024 0:00,171.0399933
8/14/2024 0:00,172.2799988
8/15/2024 0:00,177.9100037
8/16/2024 0:00,178.3399963
8/19/2024 0:00,178.3000031
8/20/2024 0:00,179.0099945
8/21/2024 0:00,182.3899994
8/22/2024 0:00,181.4700012
8/23/2024 0:00,178.9700012
8/26/2024 0:00,177.4700012
8/27/2024 0:00,174.8899994
8/28/2024 0:00,173.6900024
8/29/2024 0:00,174.2899933
8/30/2024 0:00,178.8999939
9/3/2024 0:00,178.2599945
9/4/2024 0:00,175.9799957
9/5/2024 0:00,179.8800049
9/6/2024 0:00,178.3800049
9/9/2024 0:00,175.8500061
9/10/2024 0:00,180.5
9/11/2024 0:00,184.9900055
9/12/2024 0:00,187.4100037
9/13/2024 0:00,188.5
9/16/2024 0:00,185.8099976
9/17/2024 0:00,189.4499969
9/18/2024 0:00,188.8000031
9/19/2024 0:00,190.9900055
9/20/2024 0:00,191.8399963
9/23/2024 0:00,194.4499969
9/24/2024 0:00,195.3699951
9/25/2024 0:00,193.9499969
9/26/2024 0:00,194.5299988
9/27/2024 0:00,190.8999939
9/30/2024 0:00,188.4900055
10/1/2024 0:00,186.1900024
10/2/2024 0:00,186.6000061
10/3/2024 0:00,183.4400024
10/4/2024 0:00,187.6000061
10/7/2024 0:00,183.6000061
10/8/2024 0:00,183.0899963
10/9/2024 0:00,185.8500061
10/10/2024 0:00,188.1300049
10/11/2024 0:00,189.9299927
10/14/2024 0:00,189.8300018
10/15/2024 0:00,188.4100037
10/16/2024 0:00,187.7799988
10/17/2024 0:00,188.9400024
10/18/2024 0:00,190.7400055
10/21/2024 0:00,189.4600067
10/22/2024 0:00,191.5200043
10/23/2024 0:00,189.1600037
10/24/2024 0:00,187.1100006
10/25/2024 0:00,190.4499969
10/28/2024 0:00,190.2100067
10/29/2024 0:00,191.4600067
10/30/2024 0:00,195.6100006
10/31/2024 0:00,190.6000061
11/1/2024 0:00,200.5
11/4/2024 0:00,197.3300018
11/5/2024 0:00,199.8200073
11/6/2024 0:00,207.5500031
11/7/2024 0:00,212.25
11/8/2024 0:00,209.9600067
11/11/2024 0:00,209.6499939
11/12/2024 0:00,209.5399933
11/13/2024 0:00,215.0899963
11/14/2024 0:00,215.8999939
11/15/2024 0:00,207.3399963
11/18/2024 0:00,204.6699982
11/19/2024 0:00,205.3000031
11/20/2024 0:00,203.1300049
11/21/2024 0:00,203.4900055
11/22/2024 0:00,199.2599945
11/25/2024 0:00,201.9499969
11/26/2024 0:00,208
11/27/2024 0:00,207.6399994
11/29/2024 0:00,208.1999969
12/2/2024 0:00,212.9900055
12/3/2024 0:00,214.0200043
12/4/2024 0:00,220
12/5/2024 0:00,222.1499939
12/6/2024 0:00,227.1499939
12/9/2024 0:00,230.0800018
12/10/2024 0:00,229.0599976
12/11/2024 0:00,231.1999969
12/12/2024 0:00,231.0899963
12/13/2024 0:00,230.1999969
12/16/2024 0:00,233
12/17/2024 0:00,232.7299957
12/18/2024 0:00,231.3999939
12/19/2024 0:00,226.0899963
12/20/2024 0:00,226.2100067
12/23/2024 0:00,226.8800049
12/24/2024 0:00,229.1399994
12/26/2024 0:00,228.5
12/27/2024 0:00,226.0299988
12/30/2024 0:00,223
12/31/2024 0:00,223.2299957
